"filename", "language", "Markdown", "JavaScript", "SCSS", "JSON", "Vue", "XML", "CSS", "HTML", "comment", "blank", "total"
"d:\project\project-rjwm-weixin-uniapp\App.vue", "Vue", 0, 0, 0, 0, 63, 0, 0, 0, 37, 15, 115
"d:\project\project-rjwm-weixin-uniapp\README.md", "Markdown", 56, 0, 0, 0, 0, 0, 0, 0, 16, 44, 116
"d:\project\project-rjwm-weixin-uniapp\components\empty\empty.vue", "Vue", 0, 0, 0, 0, 51, 0, 0, 0, 6, 4, 61
"d:\project\project-rjwm-weixin-uniapp\components\reach-bottom\reach-bottom.vue", "Vue", 0, 0, 0, 0, 42, 0, 0, 0, 0, 4, 46
"d:\project\project-rjwm-weixin-uniapp\components\uni-icons\icons.js", "JavaScript", 0, 96, 0, 0, 0, 0, 0, 0, 0, 1, 97
"d:\project\project-rjwm-weixin-uniapp\components\uni-icons\uni-icons.vue", "Vue", 0, 0, 0, 0, 49, 0, 0, 0, 4, 5, 58
"d:\project\project-rjwm-weixin-uniapp\components\uni-nav-bar\uni-nav-bar.vue", "Vue", 0, 0, 0, 0, 187, 0, 0, 0, 20, 18, 225
"d:\project\project-rjwm-weixin-uniapp\components\uni-phone\index.vue", "Vue", 0, 0, 0, 0, 37, 0, 0, 0, 2, 5, 44
"d:\project\project-rjwm-weixin-uniapp\components\uni-piker\index.vue", "Vue", 0, 0, 0, 0, 163, 0, 0, 0, 17, 24, 204
"d:\project\project-rjwm-weixin-uniapp\components\uni-popup\index.vue", "Vue", 0, 0, 0, 0, 108, 0, 0, 0, 10, 25, 143
"d:\project\project-rjwm-weixin-uniapp\components\uni-status-bar\uni-status-bar.vue", "Vue", 0, 0, 0, 0, 22, 0, 0, 0, 1, 3, 26
"d:\project\project-rjwm-weixin-uniapp\main.js", "JavaScript", 0, 12, 0, 0, 0, 0, 0, 0, 0, 4, 16
"d:\project\project-rjwm-weixin-uniapp\manifest.json", "JSON", 0, 0, 0, 68, 0, 0, 0, 0, 8, 1, 77
"d:\project\project-rjwm-weixin-uniapp\package.json", "JSON", 0, 0, 0, 5, 0, 0, 0, 0, 0, 1, 6
"d:\project\project-rjwm-weixin-uniapp\pages.json", "JSON", 0, 0, 0, 107, 0, 0, 0, 0, 9, 5, 121
"d:\project\project-rjwm-weixin-uniapp\pages\addOrEditAddress\addOrEditAddress.vue", "Vue", 0, 0, 0, 0, 618, 0, 0, 0, 24, 22, 664
"d:\project\project-rjwm-weixin-uniapp\pages\address\address.vue", "Vue", 0, 0, 0, 0, 313, 0, 0, 0, 24, 13, 350
"d:\project\project-rjwm-weixin-uniapp\pages\api\api.js", "JavaScript", 0, 265, 0, 0, 0, 0, 0, 0, 42, 45, 352
"d:\project\project-rjwm-weixin-uniapp\pages\common\Navbar\navbar.scss", "SCSS", 0, 0, 63, 0, 0, 0, 0, 0, 3, 3, 69
"d:\project\project-rjwm-weixin-uniapp\pages\common\Navbar\navbar.vue", "Vue", 0, 0, 0, 0, 31, 0, 0, 0, 10, 3, 44
"d:\project\project-rjwm-weixin-uniapp\pages\common\city.data.js", "JavaScript", 0, 51603, 0, 0, 0, 0, 0, 0, 0, 2, 51605
"d:\project\project-rjwm-weixin-uniapp\pages\common\simple-address\city-data\area.js", "JavaScript", 0, 12547, 0, 0, 0, 0, 0, 0, 1, 1, 12549
"d:\project\project-rjwm-weixin-uniapp\pages\common\simple-address\city-data\city.js", "JavaScript", 0, 1506, 0, 0, 0, 0, 0, 0, 1, 1, 1508
"d:\project\project-rjwm-weixin-uniapp\pages\common\simple-address\city-data\province.js", "JavaScript", 0, 142, 0, 0, 0, 0, 0, 0, 1, 1, 144
"d:\project\project-rjwm-weixin-uniapp\pages\details\index.js", "JavaScript", 0, 211, 0, 0, 0, 0, 0, 0, 24, 3, 238
"d:\project\project-rjwm-weixin-uniapp\pages\details\index.vue", "Vue", 0, 0, 0, 0, 179, 0, 0, 0, 0, 4, 183
"d:\project\project-rjwm-weixin-uniapp\pages\historyOrder\historyOrder.vue", "Vue", 0, 0, 0, 0, 271, 0, 0, 0, 18, 11, 300
"d:\project\project-rjwm-weixin-uniapp\pages\index\file.vue", "Vue", 0, 0, 0, 0, 306, 0, 0, 0, 5, 5, 316
"d:\project\project-rjwm-weixin-uniapp\pages\index\food-component.vue", "Vue", 0, 0, 0, 0, 51, 0, 0, 0, 0, 4, 55
"d:\project\project-rjwm-weixin-uniapp\pages\index\food-menu.vue", "Vue", 0, 0, 0, 0, 44, 0, 0, 0, 3, 3, 50
"d:\project\project-rjwm-weixin-uniapp\pages\index\index.js", "JavaScript", 0, 544, 0, 0, 0, 0, 0, 0, 147, 26, 717
"d:\project\project-rjwm-weixin-uniapp\pages\index\index.vue", "Vue", 0, 0, 0, 0, 276, 0, 0, 0, 2, 3, 281
"d:\project\project-rjwm-weixin-uniapp\pages\index\style.scss", "SCSS", 0, 0, 825, 0, 0, 0, 0, 0, 107, 8, 940
"d:\project\project-rjwm-weixin-uniapp\pages\my\my.vue", "Vue", 0, 0, 0, 0, 399, 0, 0, 0, 18, 19, 436
"d:\project\project-rjwm-weixin-uniapp\pages\nonet\index.vue", "Vue", 0, 0, 0, 0, 69, 0, 0, 0, 0, 1, 70
"d:\project\project-rjwm-weixin-uniapp\pages\order\index.js", "JavaScript", 0, 435, 0, 0, 0, 0, 0, 0, 56, 26, 517
"d:\project\project-rjwm-weixin-uniapp\pages\order\index.vue", "Vue", 0, 0, 0, 0, 249, 0, 0, 0, 6, 12, 267
"d:\project\project-rjwm-weixin-uniapp\pages\order\style.scss", "SCSS", 0, 0, 893, 0, 0, 0, 0, 0, 82, 23, 998
"d:\project\project-rjwm-weixin-uniapp\pages\pay\index.vue", "Vue", 0, 0, 0, 0, 136, 0, 0, 0, 4, 9, 149
"d:\project\project-rjwm-weixin-uniapp\pages\remark\index.vue", "Vue", 0, 0, 0, 0, 85, 0, 0, 0, 17, 13, 115
"d:\project\project-rjwm-weixin-uniapp\pages\success\index.vue", "Vue", 0, 0, 0, 0, 143, 0, 0, 0, 8, 4, 155
"d:\project\project-rjwm-weixin-uniapp\project.config.json", "JSON", 0, 0, 0, 57, 0, 0, 0, 0, 0, 0, 57
"d:\project\project-rjwm-weixin-uniapp\project.private.config.json", "JSON", 0, 0, 0, 7, 0, 0, 0, 0, 0, 0, 7
"d:\project\project-rjwm-weixin-uniapp\store\index.js", "JavaScript", 0, 73, 0, 0, 0, 0, 0, 0, 2, 6, 81
"d:\project\project-rjwm-weixin-uniapp\styles\common.scss", "SCSS", 0, 0, 373, 0, 0, 0, 0, 0, 18, 4, 395
"d:\project\project-rjwm-weixin-uniapp\uni.scss", "SCSS", 0, 0, 37, 0, 0, 0, 0, 0, 25, 14, 76
"d:\project\project-rjwm-weixin-uniapp\uni_modules\uni-badge\changelog.md", "Markdown", 29, 0, 0, 0, 0, 0, 0, 0, 0, 1, 30
"d:\project\project-rjwm-weixin-uniapp\uni_modules\uni-badge\components\uni-badge\uni-badge.vue", "Vue", 0, 0, 0, 0, 213, 0, 0, 0, 33, 23, 269
"d:\project\project-rjwm-weixin-uniapp\uni_modules\uni-badge\package.json", "JSON", 0, 0, 0, 88, 0, 0, 0, 0, 0, 0, 88
"d:\project\project-rjwm-weixin-uniapp\uni_modules\uni-badge\readme.md", "Markdown", 6, 0, 0, 0, 0, 0, 0, 0, 0, 5, 11
"d:\project\project-rjwm-weixin-uniapp\uni_modules\uni-calendar\changelog.md", "Markdown", 16, 0, 0, 0, 0, 0, 0, 0, 0, 1, 17
"d:\project\project-rjwm-weixin-uniapp\uni_modules\uni-calendar\components\uni-calendar\calendar.js", "JavaScript", 0, 324, 0, 0, 0, 0, 0, 0, 184, 39, 547
"d:\project\project-rjwm-weixin-uniapp\uni_modules\uni-calendar\components\uni-calendar\i18n\en.json", "JSON", 0, 0, 0, 12, 0, 0, 0, 0, 0, 1, 13
"d:\project\project-rjwm-weixin-uniapp\uni_modules\uni-calendar\components\uni-calendar\i18n\index.js", "JavaScript", 0, 8, 0, 0, 0, 0, 0, 0, 0, 1, 9
"d:\project\project-rjwm-weixin-uniapp\uni_modules\uni-calendar\components\uni-calendar\i18n\zh-Hans.json", "JSON", 0, 0, 0, 12, 0, 0, 0, 0, 0, 1, 13
"d:\project\project-rjwm-weixin-uniapp\uni_modules\uni-calendar\components\uni-calendar\i18n\zh-Hant.json", "JSON", 0, 0, 0, 12, 0, 0, 0, 0, 0, 1, 13
"d:\project\project-rjwm-weixin-uniapp\uni_modules\uni-calendar\components\uni-calendar\uni-calendar-item.vue", "Vue", 0, 0, 0, 0, 164, 0, 0, 0, 4, 14, 182
"d:\project\project-rjwm-weixin-uniapp\uni_modules\uni-calendar\components\uni-calendar\uni-calendar.vue", "Vue", 0, 0, 0, 0, 430, 0, 0, 0, 97, 28, 555
"d:\project\project-rjwm-weixin-uniapp\uni_modules\uni-calendar\components\uni-calendar\util.js", "JavaScript", 0, 251, 0, 0, 0, 0, 0, 0, 81, 23, 355
"d:\project\project-rjwm-weixin-uniapp\uni_modules\uni-calendar\package.json", "JSON", 0, 0, 0, 88, 0, 0, 0, 0, 0, 0, 88
"d:\project\project-rjwm-weixin-uniapp\uni_modules\uni-calendar\readme.md", "Markdown", 73, 0, 0, 0, 0, 0, 0, 0, 0, 30, 103
"d:\project\project-rjwm-weixin-uniapp\uni_modules\uni-card\changelog.md", "Markdown", 26, 0, 0, 0, 0, 0, 0, 0, 0, 1, 27
"d:\project\project-rjwm-weixin-uniapp\uni_modules\uni-card\components\uni-card\uni-card.vue", "Vue", 0, 0, 0, 0, 214, 0, 0, 0, 37, 20, 271
"d:\project\project-rjwm-weixin-uniapp\uni_modules\uni-card\package.json", "JSON", 0, 0, 0, 90, 0, 0, 0, 0, 0, 1, 91
"d:\project\project-rjwm-weixin-uniapp\uni_modules\uni-card\readme.md", "Markdown", 6, 0, 0, 0, 0, 0, 0, 0, 0, 7, 13
"d:\project\project-rjwm-weixin-uniapp\uni_modules\uni-collapse\changelog.md", "Markdown", 36, 0, 0, 0, 0, 0, 0, 0, 0, 0, 36
"d:\project\project-rjwm-weixin-uniapp\uni_modules\uni-collapse\components\uni-collapse-item\uni-collapse-item.vue", "Vue", 0, 0, 0, 0, 305, 0, 0, 0, 71, 27, 403
"d:\project\project-rjwm-weixin-uniapp\uni_modules\uni-collapse\components\uni-collapse\uni-collapse.vue", "Vue", 0, 0, 0, 0, 127, 0, 0, 0, 18, 3, 148
"d:\project\project-rjwm-weixin-uniapp\uni_modules\uni-collapse\package.json", "JSON", 0, 0, 0, 89, 0, 0, 0, 0, 0, 1, 90
"d:\project\project-rjwm-weixin-uniapp\uni_modules\uni-collapse\readme.md", "Markdown", 7, 0, 0, 0, 0, 0, 0, 0, 0, 5, 12
"d:\project\project-rjwm-weixin-uniapp\uni_modules\uni-combox\changelog.md", "Markdown", 15, 0, 0, 0, 0, 0, 0, 0, 0, 1, 16
"d:\project\project-rjwm-weixin-uniapp\uni_modules\uni-combox\components\uni-combox\uni-combox.vue", "Vue", 0, 0, 0, 0, 225, 0, 0, 0, 35, 16, 276
"d:\project\project-rjwm-weixin-uniapp\uni_modules\uni-combox\package.json", "JSON", 0, 0, 0, 90, 0, 0, 0, 0, 0, 0, 90
"d:\project\project-rjwm-weixin-uniapp\uni_modules\uni-combox\readme.md", "Markdown", 6, 0, 0, 0, 0, 0, 0, 0, 0, 5, 11
"d:\project\project-rjwm-weixin-uniapp\uni_modules\uni-countdown\changelog.md", "Markdown", 24, 0, 0, 0, 0, 0, 0, 0, 0, 1, 25
"d:\project\project-rjwm-weixin-uniapp\uni_modules\uni-countdown\components\uni-countdown\i18n\en.json", "JSON", 0, 0, 0, 6, 0, 0, 0, 0, 0, 1, 7
"d:\project\project-rjwm-weixin-uniapp\uni_modules\uni-countdown\components\uni-countdown\i18n\index.js", "JavaScript", 0, 8, 0, 0, 0, 0, 0, 0, 0, 1, 9
"d:\project\project-rjwm-weixin-uniapp\uni_modules\uni-countdown\components\uni-countdown\i18n\zh-Hans.json", "JSON", 0, 0, 0, 6, 0, 0, 0, 0, 0, 1, 7
"d:\project\project-rjwm-weixin-uniapp\uni_modules\uni-countdown\components\uni-countdown\i18n\zh-Hant.json", "JSON", 0, 0, 0, 6, 0, 0, 0, 0, 0, 1, 7
"d:\project\project-rjwm-weixin-uniapp\uni_modules\uni-countdown\components\uni-countdown\uni-countdown.vue", "Vue", 0, 0, 0, 0, 246, 0, 0, 0, 21, 5, 272
"d:\project\project-rjwm-weixin-uniapp\uni_modules\uni-countdown\package.json", "JSON", 0, 0, 0, 86, 0, 0, 0, 0, 0, 0, 86
"d:\project\project-rjwm-weixin-uniapp\uni_modules\uni-countdown\readme.md", "Markdown", 6, 0, 0, 0, 0, 0, 0, 0, 0, 4, 10
"d:\project\project-rjwm-weixin-uniapp\uni_modules\uni-data-checkbox\changelog.md", "Markdown", 41, 0, 0, 0, 0, 0, 0, 0, 0, 1, 42
"d:\project\project-rjwm-weixin-uniapp\uni_modules\uni-data-checkbox\components\uni-data-checkbox\uni-data-checkbox.vue", "Vue", 0, 0, 0, 0, 661, 0, 0, 0, 102, 55, 818
"d:\project\project-rjwm-weixin-uniapp\uni_modules\uni-data-checkbox\package.json", "JSON", 0, 0, 0, 87, 0, 0, 0, 0, 0, 1, 88
"d:\project\project-rjwm-weixin-uniapp\uni_modules\uni-data-checkbox\readme.md", "Markdown", 11, 0, 0, 0, 0, 0, 0, 0, 0, 7, 18
"d:\project\project-rjwm-weixin-uniapp\uni_modules\uni-data-picker\changelog.md", "Markdown", 56, 0, 0, 0, 0, 0, 0, 0, 0, 1, 57
"d:\project\project-rjwm-weixin-uniapp\uni_modules\uni-data-picker\components\uni-data-picker\keypress.js", "JavaScript", 0, 42, 0, 0, 0, 0, 0, 0, 3, 1, 46
"d:\project\project-rjwm-weixin-uniapp\uni_modules\uni-data-picker\components\uni-data-picker\uni-data-picker.vue", "Vue", 0, 0, 0, 0, 443, 0, 0, 0, 60, 37, 540
"d:\project\project-rjwm-weixin-uniapp\uni_modules\uni-data-picker\components\uni-data-pickerview\uni-data-picker.js", "JavaScript", 0, 522, 0, 0, 0, 0, 0, 0, 1, 41, 564
"d:\project\project-rjwm-weixin-uniapp\uni_modules\uni-data-picker\components\uni-data-pickerview\uni-data-pickerview.vue", "Vue", 0, 0, 0, 0, 262, 0, 0, 0, 42, 30, 334
"d:\project\project-rjwm-weixin-uniapp\uni_modules\uni-data-picker\package.json", "JSON", 0, 0, 0, 92, 0, 0, 0, 0, 0, 0, 92
"d:\project\project-rjwm-weixin-uniapp\uni_modules\uni-data-picker\readme.md", "Markdown", 13, 0, 0, 0, 0, 0, 0, 0, 0, 9, 22
"d:\project\project-rjwm-weixin-uniapp\uni_modules\uni-dateformat\changelog.md", "Markdown", 10, 0, 0, 0, 0, 0, 0, 0, 0, 1, 11
"d:\project\project-rjwm-weixin-uniapp\uni_modules\uni-dateformat\components\uni-dateformat\date-format.js", "JavaScript", 0, 191, 0, 0, 0, 0, 0, 0, 3, 7, 201
"d:\project\project-rjwm-weixin-uniapp\uni_modules\uni-dateformat\components\uni-dateformat\uni-dateformat.vue", "Vue", 0, 0, 0, 0, 73, 0, 0, 0, 12, 4, 89
"d:\project\project-rjwm-weixin-uniapp\uni_modules\uni-dateformat\package.json", "JSON", 0, 0, 0, 88, 0, 0, 0, 0, 0, 0, 88
"d:\project\project-rjwm-weixin-uniapp\uni_modules\uni-dateformat\readme.md", "Markdown", 6, 0, 0, 0, 0, 0, 0, 0, 0, 5, 11
"d:\project\project-rjwm-weixin-uniapp\uni_modules\uni-datetime-picker\changelog.md", "Markdown", 89, 0, 0, 0, 0, 0, 0, 0, 0, 1, 90
"d:\project\project-rjwm-weixin-uniapp\uni_modules\uni-datetime-picker\components\uni-datetime-picker\calendar-item.vue", "Vue", 0, 0, 0, 0, 156, 0, 0, 0, 9, 21, 186
"d:\project\project-rjwm-weixin-uniapp\uni_modules\uni-datetime-picker\components\uni-datetime-picker\calendar.vue", "Vue", 0, 0, 0, 0, 724, 0, 0, 0, 129, 46, 899
"d:\project\project-rjwm-weixin-uniapp\uni_modules\uni-datetime-picker\components\uni-datetime-picker\i18n\en.json", "JSON", 0, 0, 0, 19, 0, 0, 0, 0, 0, 1, 20
"d:\project\project-rjwm-weixin-uniapp\uni_modules\uni-datetime-picker\components\uni-datetime-picker\i18n\index.js", "JavaScript", 0, 8, 0, 0, 0, 0, 0, 0, 0, 1, 9
"d:\project\project-rjwm-weixin-uniapp\uni_modules\uni-datetime-picker\components\uni-datetime-picker\i18n\zh-Hans.json", "JSON", 0, 0, 0, 19, 0, 0, 0, 0, 0, 1, 20
"d:\project\project-rjwm-weixin-uniapp\uni_modules\uni-datetime-picker\components\uni-datetime-picker\i18n\zh-Hant.json", "JSON", 0, 0, 0, 19, 0, 0, 0, 0, 0, 1, 20
"d:\project\project-rjwm-weixin-uniapp\uni_modules\uni-datetime-picker\components\uni-datetime-picker\keypress.js", "JavaScript", 0, 42, 0, 0, 0, 0, 0, 0, 3, 0, 45
"d:\project\project-rjwm-weixin-uniapp\uni_modules\uni-datetime-picker\components\uni-datetime-picker\time-picker.vue", "Vue", 0, 0, 0, 0, 739, 0, 0, 0, 123, 66, 928
"d:\project\project-rjwm-weixin-uniapp\uni_modules\uni-datetime-picker\components\uni-datetime-picker\uni-datetime-picker.vue", "Vue", 0, 0, 0, 0, 865, 0, 0, 0, 81, 52, 998
"d:\project\project-rjwm-weixin-uniapp\uni_modules\uni-datetime-picker\components\uni-datetime-picker\util.js", "JavaScript", 0, 298, 0, 0, 0, 0, 0, 0, 86, 27, 411
"d:\project\project-rjwm-weixin-uniapp\uni_modules\uni-datetime-picker\package.json", "JSON", 0, 0, 0, 90, 0, 0, 0, 0, 0, 1, 91
"d:\project\project-rjwm-weixin-uniapp\uni_modules\uni-datetime-picker\readme.md", "Markdown", 11, 0, 0, 0, 0, 0, 0, 0, 0, 10, 21
"d:\project\project-rjwm-weixin-uniapp\uni_modules\uni-drawer\changelog.md", "Markdown", 13, 0, 0, 0, 0, 0, 0, 0, 0, 1, 14
"d:\project\project-rjwm-weixin-uniapp\uni_modules\uni-drawer\components\uni-drawer\keypress.js", "JavaScript", 0, 39, 0, 0, 0, 0, 0, 0, 6, 1, 46
"d:\project\project-rjwm-weixin-uniapp\uni_modules\uni-drawer\components\uni-drawer\uni-drawer.vue", "Vue", 0, 0, 0, 0, 124, 0, 0, 0, 49, 11, 184
"d:\project\project-rjwm-weixin-uniapp\uni_modules\uni-drawer\package.json", "JSON", 0, 0, 0, 87, 0, 0, 0, 0, 0, 0, 87
"d:\project\project-rjwm-weixin-uniapp\uni_modules\uni-drawer\readme.md", "Markdown", 6, 0, 0, 0, 0, 0, 0, 0, 0, 4, 10
"d:\project\project-rjwm-weixin-uniapp\uni_modules\uni-easyinput\changelog.md", "Markdown", 35, 0, 0, 0, 0, 0, 0, 0, 0, 1, 36
"d:\project\project-rjwm-weixin-uniapp\uni_modules\uni-easyinput\components\uni-easyinput\common.js", "JavaScript", 0, 43, 0, 0, 0, 0, 0, 0, 12, 2, 57
"d:\project\project-rjwm-weixin-uniapp\uni_modules\uni-easyinput\components\uni-easyinput\uni-easyinput.vue", "Vue", 0, 0, 0, 0, 364, 0, 0, 0, 75, 23, 462
"d:\project\project-rjwm-weixin-uniapp\uni_modules\uni-easyinput\package.json", "JSON", 0, 0, 0, 90, 0, 0, 0, 0, 0, 0, 90
"d:\project\project-rjwm-weixin-uniapp\uni_modules\uni-easyinput\readme.md", "Markdown", 6, 0, 0, 0, 0, 0, 0, 0, 0, 5, 11
"d:\project\project-rjwm-weixin-uniapp\uni_modules\uni-fab\changelog.md", "Markdown", 17, 0, 0, 0, 0, 0, 0, 0, 0, 1, 18
"d:\project\project-rjwm-weixin-uniapp\uni_modules\uni-fab\components\uni-fab\uni-fab.vue", "Vue", 0, 0, 0, 0, 345, 0, 0, 0, 94, 37, 476
"d:\project\project-rjwm-weixin-uniapp\uni_modules\uni-fab\package.json", "JSON", 0, 0, 0, 87, 0, 0, 0, 0, 0, 1, 88
"d:\project\project-rjwm-weixin-uniapp\uni_modules\uni-fab\readme.md", "Markdown", 6, 0, 0, 0, 0, 0, 0, 0, 0, 3, 9
"d:\project\project-rjwm-weixin-uniapp\uni_modules\uni-fav\changelog.md", "Markdown", 17, 0, 0, 0, 0, 0, 0, 0, 0, 1, 18
"d:\project\project-rjwm-weixin-uniapp\uni_modules\uni-fav\components\uni-fav\i18n\en.json", "JSON", 0, 0, 0, 4, 0, 0, 0, 0, 0, 1, 5
"d:\project\project-rjwm-weixin-uniapp\uni_modules\uni-fav\components\uni-fav\i18n\index.js", "JavaScript", 0, 8, 0, 0, 0, 0, 0, 0, 0, 1, 9
"d:\project\project-rjwm-weixin-uniapp\uni_modules\uni-fav\components\uni-fav\i18n\zh-Hans.json", "JSON", 0, 0, 0, 4, 0, 0, 0, 0, 0, 1, 5
"d:\project\project-rjwm-weixin-uniapp\uni_modules\uni-fav\components\uni-fav\i18n\zh-Hant.json", "JSON", 0, 0, 0, 4, 0, 0, 0, 0, 0, 1, 5
"d:\project\project-rjwm-weixin-uniapp\uni_modules\uni-fav\components\uni-fav\uni-fav.vue", "Vue", 0, 0, 0, 0, 123, 0, 0, 0, 24, 10, 157
"d:\project\project-rjwm-weixin-uniapp\uni_modules\uni-fav\package.json", "JSON", 0, 0, 0, 89, 0, 0, 0, 0, 0, 1, 90
"d:\project\project-rjwm-weixin-uniapp\uni_modules\uni-fav\readme.md", "Markdown", 6, 0, 0, 0, 0, 0, 0, 0, 0, 4, 10
"d:\project\project-rjwm-weixin-uniapp\uni_modules\uni-file-picker\changelog.md", "Markdown", 61, 0, 0, 0, 0, 0, 0, 0, 0, 1, 62
"d:\project\project-rjwm-weixin-uniapp\uni_modules\uni-file-picker\components\uni-file-picker\choose-and-upload-file.js", "JavaScript", 0, 209, 0, 0, 0, 0, 0, 0, 0, 16, 225
"d:\project\project-rjwm-weixin-uniapp\uni_modules\uni-file-picker\components\uni-file-picker\uni-file-picker.vue", "Vue", 0, 0, 0, 0, 500, 0, 0, 0, 124, 28, 652
"d:\project\project-rjwm-weixin-uniapp\uni_modules\uni-file-picker\components\uni-file-picker\upload-file.vue", "Vue", 0, 0, 0, 0, 273, 0, 0, 0, 26, 27, 326
"d:\project\project-rjwm-weixin-uniapp\uni_modules\uni-file-picker\components\uni-file-picker\upload-image.vue", "Vue", 0, 0, 0, 0, 264, 0, 0, 0, 12, 17, 293
"d:\project\project-rjwm-weixin-uniapp\uni_modules\uni-file-picker\components\uni-file-picker\utils.js", "JavaScript", 0, 85, 0, 0, 0, 0, 0, 0, 19, 6, 110
"d:\project\project-rjwm-weixin-uniapp\uni_modules\uni-file-picker\package.json", "JSON", 0, 0, 0, 86, 0, 0, 0, 0, 0, 1, 87
"d:\project\project-rjwm-weixin-uniapp\uni_modules\uni-file-picker\readme.md", "Markdown", 6, 0, 0, 0, 0, 0, 0, 0, 0, 5, 11
"d:\project\project-rjwm-weixin-uniapp\uni_modules\uni-forms\changelog.md", "Markdown", 60, 0, 0, 0, 0, 0, 0, 0, 0, 1, 61
"d:\project\project-rjwm-weixin-uniapp\uni_modules\uni-forms\components\uni-forms-item\uni-forms-item.vue", "Vue", 0, 0, 0, 0, 394, 0, 0, 0, 85, 31, 510
"d:\project\project-rjwm-weixin-uniapp\uni_modules\uni-forms\components\uni-forms\uni-forms.vue", "Vue", 0, 0, 0, 0, 343, 0, 0, 0, 106, 24, 473
"d:\project\project-rjwm-weixin-uniapp\uni_modules\uni-forms\components\uni-forms\validate.js", "JavaScript", 0, 421, 0, 0, 0, 0, 0, 0, 1, 65, 487
"d:\project\project-rjwm-weixin-uniapp\uni_modules\uni-forms\package.json", "JSON", 0, 0, 0, 90, 0, 0, 0, 0, 0, 1, 91
"d:\project\project-rjwm-weixin-uniapp\uni_modules\uni-forms\readme.md", "Markdown", 12, 0, 0, 0, 0, 0, 0, 0, 0, 11, 23
"d:\project\project-rjwm-weixin-uniapp\uni_modules\uni-goods-nav\changelog.md", "Markdown", 15, 0, 0, 0, 0, 0, 0, 0, 0, 2, 17
"d:\project\project-rjwm-weixin-uniapp\uni_modules\uni-goods-nav\components\uni-goods-nav\i18n\en.json", "JSON", 0, 0, 0, 6, 0, 0, 0, 0, 0, 1, 7
"d:\project\project-rjwm-weixin-uniapp\uni_modules\uni-goods-nav\components\uni-goods-nav\i18n\index.js", "JavaScript", 0, 8, 0, 0, 0, 0, 0, 0, 0, 1, 9
"d:\project\project-rjwm-weixin-uniapp\uni_modules\uni-goods-nav\components\uni-goods-nav\i18n\zh-Hans.json", "JSON", 0, 0, 0, 6, 0, 0, 0, 0, 0, 1, 7
"d:\project\project-rjwm-weixin-uniapp\uni_modules\uni-goods-nav\components\uni-goods-nav\i18n\zh-Hant.json", "JSON", 0, 0, 0, 6, 0, 0, 0, 0, 0, 1, 7
"d:\project\project-rjwm-weixin-uniapp\uni_modules\uni-goods-nav\components\uni-goods-nav\uni-goods-nav.vue", "Vue", 0, 0, 0, 0, 176, 0, 0, 0, 31, 18, 225
"d:\project\project-rjwm-weixin-uniapp\uni_modules\uni-goods-nav\package.json", "JSON", 0, 0, 0, 88, 0, 0, 0, 0, 0, 1, 89
"d:\project\project-rjwm-weixin-uniapp\uni_modules\uni-goods-nav\readme.md", "Markdown", 6, 0, 0, 0, 0, 0, 0, 0, 0, 4, 10
"d:\project\project-rjwm-weixin-uniapp\uni_modules\uni-grid\changelog.md", "Markdown", 13, 0, 0, 0, 0, 0, 0, 0, 0, 1, 14
"d:\project\project-rjwm-weixin-uniapp\uni_modules\uni-grid\components\uni-grid-item\uni-grid-item.vue", "Vue", 0, 0, 0, 0, 98, 0, 0, 0, 23, 7, 128
"d:\project\project-rjwm-weixin-uniapp\uni_modules\uni-grid\components\uni-grid\uni-grid.vue", "Vue", 0, 0, 0, 0, 105, 0, 0, 0, 32, 6, 143
"d:\project\project-rjwm-weixin-uniapp\uni_modules\uni-grid\package.json", "JSON", 0, 0, 0, 86, 0, 0, 0, 0, 0, 1, 87
"d:\project\project-rjwm-weixin-uniapp\uni_modules\uni-grid\readme.md", "Markdown", 6, 0, 0, 0, 0, 0, 0, 0, 0, 5, 11
"d:\project\project-rjwm-weixin-uniapp\uni_modules\uni-group\changelog.md", "Markdown", 14, 0, 0, 0, 0, 0, 0, 0, 0, 1, 15
"d:\project\project-rjwm-weixin-uniapp\uni_modules\uni-group\components\uni-group\uni-group.vue", "Vue", 0, 0, 0, 0, 105, 0, 0, 0, 17, 9, 131
"d:\project\project-rjwm-weixin-uniapp\uni_modules\uni-group\package.json", "JSON", 0, 0, 0, 87, 0, 0, 0, 0, 0, 0, 87
"d:\project\project-rjwm-weixin-uniapp\uni_modules\uni-group\readme.md", "Markdown", 6, 0, 0, 0, 0, 0, 0, 0, 0, 3, 9
"d:\project\project-rjwm-weixin-uniapp\uni_modules\uni-icons\changelog.md", "Markdown", 22, 0, 0, 0, 0, 0, 0, 0, 0, 1, 23
"d:\project\project-rjwm-weixin-uniapp\uni_modules\uni-icons\components\uni-icons\icons.js", "JavaScript", 0, 1169, 0, 0, 0, 0, 0, 0, 0, 1, 1170
"d:\project\project-rjwm-weixin-uniapp\uni_modules\uni-icons\components\uni-icons\uni-icons.vue", "Vue", 0, 0, 0, 0, 77, 0, 0, 0, 14, 6, 97
"d:\project\project-rjwm-weixin-uniapp\uni_modules\uni-icons\components\uni-icons\uniicons.css", "CSS", 0, 0, 0, 0, 0, 0, 498, 0, 0, 166, 664
"d:\project\project-rjwm-weixin-uniapp\uni_modules\uni-icons\package.json", "JSON", 0, 0, 0, 86, 0, 0, 0, 0, 0, 0, 86
"d:\project\project-rjwm-weixin-uniapp\uni_modules\uni-icons\readme.md", "Markdown", 6, 0, 0, 0, 0, 0, 0, 0, 0, 3, 9
"d:\project\project-rjwm-weixin-uniapp\uni_modules\uni-indexed-list\changelog.md", "Markdown", 16, 0, 0, 0, 0, 0, 0, 0, 0, 2, 18
"d:\project\project-rjwm-weixin-uniapp\uni_modules\uni-indexed-list\components\uni-indexed-list\uni-indexed-list-item.vue", "Vue", 0, 0, 0, 0, 120, 0, 0, 0, 14, 11, 145
"d:\project\project-rjwm-weixin-uniapp\uni_modules\uni-indexed-list\components\uni-indexed-list\uni-indexed-list.vue", "Vue", 0, 0, 0, 0, 303, 0, 0, 0, 48, 17, 368
"d:\project\project-rjwm-weixin-uniapp\uni_modules\uni-indexed-list\package.json", "JSON", 0, 0, 0, 89, 0, 0, 0, 0, 0, 1, 90
"d:\project\project-rjwm-weixin-uniapp\uni_modules\uni-indexed-list\readme.md", "Markdown", 6, 0, 0, 0, 0, 0, 0, 0, 0, 6, 12
"d:\project\project-rjwm-weixin-uniapp\uni_modules\uni-link\changelog.md", "Markdown", 16, 0, 0, 0, 0, 0, 0, 0, 0, 2, 18
"d:\project\project-rjwm-weixin-uniapp\uni_modules\uni-link\components\uni-link\uni-link.vue", "Vue", 0, 0, 0, 0, 102, 0, 0, 0, 23, 4, 129
"d:\project\project-rjwm-weixin-uniapp\uni_modules\uni-link\package.json", "JSON", 0, 0, 0, 87, 0, 0, 0, 0, 0, 0, 87
"d:\project\project-rjwm-weixin-uniapp\uni_modules\uni-link\readme.md", "Markdown", 6, 0, 0, 0, 0, 0, 0, 0, 0, 5, 11
"d:\project\project-rjwm-weixin-uniapp\uni_modules\uni-list\changelog.md", "Markdown", 20, 0, 0, 0, 0, 0, 0, 0, 0, 1, 21
"d:\project\project-rjwm-weixin-uniapp\uni_modules\uni-list\components\uni-list-ad\uni-list-ad.vue", "Vue", 0, 0, 0, 0, 88, 0, 0, 0, 10, 10, 108
"d:\project\project-rjwm-weixin-uniapp\uni_modules\uni-list\components\uni-list-chat\uni-list-chat.scss", "SCSS", 0, 0, 25, 0, 0, 0, 0, 0, 23, 11, 59
"d:\project\project-rjwm-weixin-uniapp\uni_modules\uni-list\components\uni-list-chat\uni-list-chat.vue", "Vue", 0, 0, 0, 0, 413, 0, 0, 0, 86, 40, 539
"d:\project\project-rjwm-weixin-uniapp\uni_modules\uni-list\components\uni-list-item\uni-list-item.vue", "Vue", 0, 0, 0, 0, 374, 0, 0, 0, 77, 4, 455
"d:\project\project-rjwm-weixin-uniapp\uni_modules\uni-list\components\uni-list\uni-list.vue", "Vue", 0, 0, 0, 0, 85, 0, 0, 0, 17, 7, 109
"d:\project\project-rjwm-weixin-uniapp\uni_modules\uni-list\components\uni-list\uni-refresh.vue", "Vue", 0, 0, 0, 0, 59, 0, 0, 0, 4, 3, 66
"d:\project\project-rjwm-weixin-uniapp\uni_modules\uni-list\components\uni-list\uni-refresh.wxs", "XML", 0, 0, 0, 0, 0, 73, 0, 0, 0, 15, 88
"d:\project\project-rjwm-weixin-uniapp\uni_modules\uni-list\package.json", "JSON", 0, 0, 0, 91, 0, 0, 0, 0, 0, 0, 91
"d:\project\project-rjwm-weixin-uniapp\uni_modules\uni-list\readme.md", "Markdown", 245, 0, 0, 0, 0, 0, 0, 0, 10, 91, 346
"d:\project\project-rjwm-weixin-uniapp\uni_modules\uni-load-more\changelog.md", "Markdown", 19, 0, 0, 0, 0, 0, 0, 0, 0, 1, 20
"d:\project\project-rjwm-weixin-uniapp\uni_modules\uni-load-more\components\uni-load-more\i18n\en.json", "JSON", 0, 0, 0, 5, 0, 0, 0, 0, 0, 1, 6
"d:\project\project-rjwm-weixin-uniapp\uni_modules\uni-load-more\components\uni-load-more\i18n\index.js", "JavaScript", 0, 8, 0, 0, 0, 0, 0, 0, 0, 1, 9
"d:\project\project-rjwm-weixin-uniapp\uni_modules\uni-load-more\components\uni-load-more\i18n\zh-Hans.json", "JSON", 0, 0, 0, 5, 0, 0, 0, 0, 0, 1, 6
"d:\project\project-rjwm-weixin-uniapp\uni_modules\uni-load-more\components\uni-load-more\i18n\zh-Hant.json", "JSON", 0, 0, 0, 5, 0, 0, 0, 0, 0, 1, 6
"d:\project\project-rjwm-weixin-uniapp\uni_modules\uni-load-more\components\uni-load-more\uni-load-more.vue", "Vue", 0, 0, 0, 0, 317, 0, 0, 0, 30, 53, 400
"d:\project\project-rjwm-weixin-uniapp\uni_modules\uni-load-more\package.json", "JSON", 0, 0, 0, 86, 0, 0, 0, 0, 0, 0, 86
"d:\project\project-rjwm-weixin-uniapp\uni_modules\uni-load-more\readme.md", "Markdown", 6, 0, 0, 0, 0, 0, 0, 0, 0, 9, 15
"d:\project\project-rjwm-weixin-uniapp\uni_modules\uni-nav-bar\changelog.md", "Markdown", 34, 0, 0, 0, 0, 0, 0, 0, 0, 4, 38
"d:\project\project-rjwm-weixin-uniapp\uni_modules\uni-nav-bar\components\uni-nav-bar\uni-nav-bar.vue", "Vue", 0, 0, 0, 0, 262, 0, 0, 0, 58, 24, 344
"d:\project\project-rjwm-weixin-uniapp\uni_modules\uni-nav-bar\components\uni-nav-bar\uni-status-bar.vue", "Vue", 0, 0, 0, 0, 23, 0, 0, 0, 2, 3, 28
"d:\project\project-rjwm-weixin-uniapp\uni_modules\uni-nav-bar\package.json", "JSON", 0, 0, 0, 89, 0, 0, 0, 0, 0, 0, 89
"d:\project\project-rjwm-weixin-uniapp\uni_modules\uni-nav-bar\readme.md", "Markdown", 6, 0, 0, 0, 0, 0, 0, 0, 0, 10, 16
"d:\project\project-rjwm-weixin-uniapp\uni_modules\uni-notice-bar\changelog.md", "Markdown", 15, 0, 0, 0, 0, 0, 0, 0, 0, 2, 17
"d:\project\project-rjwm-weixin-uniapp\uni_modules\uni-notice-bar\components\uni-notice-bar\uni-notice-bar.vue", "Vue", 0, 0, 0, 0, 304, 0, 0, 0, 71, 21, 396
"d:\project\project-rjwm-weixin-uniapp\uni_modules\uni-notice-bar\package.json", "JSON", 0, 0, 0, 90, 0, 0, 0, 0, 0, 1, 91
"d:\project\project-rjwm-weixin-uniapp\uni_modules\uni-notice-bar\readme.md", "Markdown", 6, 0, 0, 0, 0, 0, 0, 0, 0, 8, 14
"d:\project\project-rjwm-weixin-uniapp\uni_modules\uni-number-box\changelog.md", "Markdown", 24, 0, 0, 0, 0, 0, 0, 0, 0, 2, 26
"d:\project\project-rjwm-weixin-uniapp\uni_modules\uni-number-box\components\uni-number-box\uni-number-box.vue", "Vue", 0, 0, 0, 0, 182, 0, 0, 0, 27, 13, 222
"d:\project\project-rjwm-weixin-uniapp\uni_modules\uni-number-box\package.json", "JSON", 0, 0, 0, 85, 0, 0, 0, 0, 0, 0, 85
"d:\project\project-rjwm-weixin-uniapp\uni_modules\uni-number-box\readme.md", "Markdown", 6, 0, 0, 0, 0, 0, 0, 0, 0, 8, 14
"d:\project\project-rjwm-weixin-uniapp\uni_modules\uni-pagination\changelog.md", "Markdown", 19, 0, 0, 0, 0, 0, 0, 0, 0, 2, 21
"d:\project\project-rjwm-weixin-uniapp\uni_modules\uni-pagination\components\uni-pagination\i18n\en.json", "JSON", 0, 0, 0, 4, 0, 0, 0, 0, 0, 1, 5
"d:\project\project-rjwm-weixin-uniapp\uni_modules\uni-pagination\components\uni-pagination\i18n\es.json", "JSON", 0, 0, 0, 4, 0, 0, 0, 0, 0, 1, 5
"d:\project\project-rjwm-weixin-uniapp\uni_modules\uni-pagination\components\uni-pagination\i18n\fr.json", "JSON", 0, 0, 0, 4, 0, 0, 0, 0, 0, 1, 5
"d:\project\project-rjwm-weixin-uniapp\uni_modules\uni-pagination\components\uni-pagination\i18n\index.js", "JavaScript", 0, 12, 0, 0, 0, 0, 0, 0, 0, 1, 13
"d:\project\project-rjwm-weixin-uniapp\uni_modules\uni-pagination\components\uni-pagination\i18n\zh-Hans.json", "JSON", 0, 0, 0, 4, 0, 0, 0, 0, 0, 1, 5
"d:\project\project-rjwm-weixin-uniapp\uni_modules\uni-pagination\components\uni-pagination\i18n\zh-Hant.json", "JSON", 0, 0, 0, 4, 0, 0, 0, 0, 0, 1, 5
"d:\project\project-rjwm-weixin-uniapp\uni_modules\uni-pagination\components\uni-pagination\uni-pagination.vue", "Vue", 0, 0, 0, 0, 341, 0, 0, 0, 44, 25, 410
"d:\project\project-rjwm-weixin-uniapp\uni_modules\uni-pagination\package.json", "JSON", 0, 0, 0, 86, 0, 0, 0, 0, 0, 0, 86
"d:\project\project-rjwm-weixin-uniapp\uni_modules\uni-pagination\readme.md", "Markdown", 6, 0, 0, 0, 0, 0, 0, 0, 0, 8, 14
"d:\project\project-rjwm-weixin-uniapp\uni_modules\uni-popup\changelog.md", "Markdown", 60, 0, 0, 0, 0, 0, 0, 0, 0, 1, 61
"d:\project\project-rjwm-weixin-uniapp\uni_modules\uni-popup\components\uni-popup-dialog\keypress.js", "JavaScript", 0, 42, 0, 0, 0, 0, 0, 0, 3, 1, 46
"d:\project\project-rjwm-weixin-uniapp\uni_modules\uni-popup\components\uni-popup-dialog\uni-popup-dialog.vue", "Vue", 0, 0, 0, 0, 217, 0, 0, 0, 35, 20, 272
"d:\project\project-rjwm-weixin-uniapp\uni_modules\uni-popup\components\uni-popup-message\uni-popup-message.vue", "Vue", 0, 0, 0, 0, 103, 0, 0, 0, 27, 14, 144
"d:\project\project-rjwm-weixin-uniapp\uni_modules\uni-popup\components\uni-popup-share\uni-popup-share.vue", "Vue", 0, 0, 0, 0, 150, 0, 0, 0, 26, 12, 188
"d:\project\project-rjwm-weixin-uniapp\uni_modules\uni-popup\components\uni-popup\i18n\en.json", "JSON", 0, 0, 0, 7, 0, 0, 0, 0, 0, 1, 8
"d:\project\project-rjwm-weixin-uniapp\uni_modules\uni-popup\components\uni-popup\i18n\index.js", "JavaScript", 0, 8, 0, 0, 0, 0, 0, 0, 0, 1, 9
"d:\project\project-rjwm-weixin-uniapp\uni_modules\uni-popup\components\uni-popup\i18n\zh-Hans.json", "JSON", 0, 0, 0, 7, 0, 0, 0, 0, 0, 1, 8
"d:\project\project-rjwm-weixin-uniapp\uni_modules\uni-popup\components\uni-popup\i18n\zh-Hant.json", "JSON", 0, 0, 0, 7, 0, 0, 0, 0, 0, 1, 8
"d:\project\project-rjwm-weixin-uniapp\uni_modules\uni-popup\components\uni-popup\keypress.js", "JavaScript", 0, 39, 0, 0, 0, 0, 0, 0, 6, 1, 46
"d:\project\project-rjwm-weixin-uniapp\uni_modules\uni-popup\components\uni-popup\popup.js", "JavaScript", 0, 21, 0, 0, 0, 0, 0, 0, 3, 3, 27
"d:\project\project-rjwm-weixin-uniapp\uni_modules\uni-popup\components\uni-popup\uni-popup.vue", "Vue", 0, 0, 0, 0, 345, 0, 0, 0, 118, 12, 475
"d:\project\project-rjwm-weixin-uniapp\uni_modules\uni-popup\package.json", "JSON", 0, 0, 0, 90, 0, 0, 0, 0, 0, 1, 91
"d:\project\project-rjwm-weixin-uniapp\uni_modules\uni-popup\readme.md", "Markdown", 7, 0, 0, 0, 0, 0, 0, 0, 0, 11, 18
"d:\project\project-rjwm-weixin-uniapp\uni_modules\uni-rate\changelog.md", "Markdown", 23, 0, 0, 0, 0, 0, 0, 0, 0, 3, 26
"d:\project\project-rjwm-weixin-uniapp\uni_modules\uni-rate\components\uni-rate\uni-rate.vue", "Vue", 0, 0, 0, 0, 278, 0, 0, 0, 70, 14, 362
"d:\project\project-rjwm-weixin-uniapp\uni_modules\uni-rate\package.json", "JSON", 0, 0, 0, 88, 0, 0, 0, 0, 0, 1, 89
"d:\project\project-rjwm-weixin-uniapp\uni_modules\uni-rate\readme.md", "Markdown", 7, 0, 0, 0, 0, 0, 0, 0, 0, 5, 12
"d:\project\project-rjwm-weixin-uniapp\uni_modules\uni-row\changelog.md", "Markdown", 10, 0, 0, 0, 0, 0, 0, 0, 0, 1, 11
"d:\project\project-rjwm-weixin-uniapp\uni_modules\uni-row\components\uni-col\uni-col.vue", "Vue", 0, 0, 0, 0, 245, 0, 0, 0, 46, 27, 318
"d:\project\project-rjwm-weixin-uniapp\uni_modules\uni-row\components\uni-row\uni-row.vue", "Vue", 0, 0, 0, 0, 121, 0, 0, 0, 40, 30, 191
"d:\project\project-rjwm-weixin-uniapp\uni_modules\uni-row\package.json", "JSON", 0, 0, 0, 87, 0, 0, 0, 0, 0, 0, 87
"d:\project\project-rjwm-weixin-uniapp\uni_modules\uni-row\readme.md", "Markdown", 6, 0, 0, 0, 0, 0, 0, 0, 0, 4, 10
"d:\project\project-rjwm-weixin-uniapp\uni_modules\uni-scss\changelog.md", "Markdown", 8, 0, 0, 0, 0, 0, 0, 0, 0, 1, 9
"d:\project\project-rjwm-weixin-uniapp\uni_modules\uni-scss\index.scss", "SCSS", 0, 0, 1, 0, 0, 0, 0, 0, 0, 1, 2
"d:\project\project-rjwm-weixin-uniapp\uni_modules\uni-scss\package.json", "JSON", 0, 0, 0, 82, 0, 0, 0, 0, 0, 1, 83
"d:\project\project-rjwm-weixin-uniapp\uni_modules\uni-scss\readme.md", "Markdown", 3, 0, 0, 0, 0, 0, 0, 0, 0, 1, 4
"d:\project\project-rjwm-weixin-uniapp\uni_modules\uni-scss\styles\index.scss", "SCSS", 0, 0, 7, 0, 0, 0, 0, 0, 0, 1, 8
"d:\project\project-rjwm-weixin-uniapp\uni_modules\uni-scss\styles\setting\_border.scss", "SCSS", 0, 0, 3, 0, 0, 0, 0, 0, 0, 0, 3
"d:\project\project-rjwm-weixin-uniapp\uni_modules\uni-scss\styles\setting\_color.scss", "SCSS", 0, 0, 49, 0, 0, 0, 0, 0, 16, 2, 67
"d:\project\project-rjwm-weixin-uniapp\uni_modules\uni-scss\styles\setting\_radius.scss", "SCSS", 0, 0, 52, 0, 0, 0, 0, 0, 1, 3, 56
"d:\project\project-rjwm-weixin-uniapp\uni_modules\uni-scss\styles\setting\_space.scss", "SCSS", 0, 0, 54, 0, 0, 0, 0, 0, 0, 2, 56
"d:\project\project-rjwm-weixin-uniapp\uni_modules\uni-scss\styles\setting\_styles.scss", "SCSS", 0, 0, 149, 0, 0, 0, 0, 0, 3, 16, 168
"d:\project\project-rjwm-weixin-uniapp\uni_modules\uni-scss\styles\setting\_text.scss", "SCSS", 0, 0, 19, 0, 0, 0, 0, 0, 4, 2, 25
"d:\project\project-rjwm-weixin-uniapp\uni_modules\uni-scss\styles\setting\_variables.scss", "SCSS", 0, 0, 103, 0, 0, 0, 0, 0, 29, 15, 147
"d:\project\project-rjwm-weixin-uniapp\uni_modules\uni-scss\styles\tools\functions.scss", "SCSS", 0, 0, 17, 0, 0, 0, 0, 0, 1, 2, 20
"d:\project\project-rjwm-weixin-uniapp\uni_modules\uni-scss\theme.scss", "SCSS", 0, 0, 19, 0, 0, 0, 0, 0, 11, 2, 32
"d:\project\project-rjwm-weixin-uniapp\uni_modules\uni-scss\variables.scss", "SCSS", 0, 0, 37, 0, 0, 0, 0, 0, 13, 13, 63
"d:\project\project-rjwm-weixin-uniapp\uni_modules\uni-search-bar\changelog.md", "Markdown", 25, 0, 0, 0, 0, 0, 0, 0, 0, 3, 28
"d:\project\project-rjwm-weixin-uniapp\uni_modules\uni-search-bar\components\uni-search-bar\i18n\en.json", "JSON", 0, 0, 0, 4, 0, 0, 0, 0, 0, 0, 4
"d:\project\project-rjwm-weixin-uniapp\uni_modules\uni-search-bar\components\uni-search-bar\i18n\index.js", "JavaScript", 0, 8, 0, 0, 0, 0, 0, 0, 0, 1, 9
"d:\project\project-rjwm-weixin-uniapp\uni_modules\uni-search-bar\components\uni-search-bar\i18n\zh-Hans.json", "JSON", 0, 0, 0, 4, 0, 0, 0, 0, 0, 1, 5
"d:\project\project-rjwm-weixin-uniapp\uni_modules\uni-search-bar\components\uni-search-bar\i18n\zh-Hant.json", "JSON", 0, 0, 0, 4, 0, 0, 0, 0, 0, 1, 5
"d:\project\project-rjwm-weixin-uniapp\uni_modules\uni-search-bar\components\uni-search-bar\uni-search-bar.vue", "Vue", 0, 0, 0, 0, 220, 0, 0, 0, 56, 12, 288
"d:\project\project-rjwm-weixin-uniapp\uni_modules\uni-search-bar\package.json", "JSON", 0, 0, 0, 89, 0, 0, 0, 0, 0, 0, 89
"d:\project\project-rjwm-weixin-uniapp\uni_modules\uni-search-bar\readme.md", "Markdown", 6, 0, 0, 0, 0, 0, 0, 0, 0, 9, 15
"d:\project\project-rjwm-weixin-uniapp\uni_modules\uni-segmented-control\changelog.md", "Markdown", 9, 0, 0, 0, 0, 0, 0, 0, 0, 1, 10
"d:\project\project-rjwm-weixin-uniapp\uni_modules\uni-segmented-control\components\uni-segmented-control\uni-segmented-control.vue", "Vue", 0, 0, 0, 0, 117, 0, 0, 0, 18, 11, 146
"d:\project\project-rjwm-weixin-uniapp\uni_modules\uni-segmented-control\package.json", "JSON", 0, 0, 0, 87, 0, 0, 0, 0, 0, 0, 87
"d:\project\project-rjwm-weixin-uniapp\uni_modules\uni-segmented-control\readme.md", "Markdown", 6, 0, 0, 0, 0, 0, 0, 0, 0, 8, 14
"d:\project\project-rjwm-weixin-uniapp\uni_modules\uni-steps\changelog.md", "Markdown", 15, 0, 0, 0, 0, 0, 0, 0, 0, 2, 17
"d:\project\project-rjwm-weixin-uniapp\uni_modules\uni-steps\components\uni-steps\uni-steps.vue", "Vue", 0, 0, 0, 0, 202, 0, 0, 0, 40, 28, 270
"d:\project\project-rjwm-weixin-uniapp\uni_modules\uni-steps\package.json", "JSON", 0, 0, 0, 89, 0, 0, 0, 0, 0, 0, 89
"d:\project\project-rjwm-weixin-uniapp\uni_modules\uni-steps\readme.md", "Markdown", 6, 0, 0, 0, 0, 0, 0, 0, 0, 8, 14
"d:\project\project-rjwm-weixin-uniapp\uni_modules\uni-swipe-action\changelog.md", "Markdown", 33, 0, 0, 0, 0, 0, 0, 0, 0, 1, 34
"d:\project\project-rjwm-weixin-uniapp\uni_modules\uni-swipe-action\components\uni-swipe-action-item\bindingx.js", "JavaScript", 0, 246, 0, 0, 0, 0, 0, 0, 36, 19, 301
"d:\project\project-rjwm-weixin-uniapp\uni_modules\uni-swipe-action\components\uni-swipe-action-item\isPC.js", "JavaScript", 0, 12, 0, 0, 0, 0, 0, 0, 0, 0, 12
"d:\project\project-rjwm-weixin-uniapp\uni_modules\uni-swipe-action\components\uni-swipe-action-item\mpalipay.js", "JavaScript", 0, 158, 0, 0, 0, 0, 0, 0, 24, 12, 194
"d:\project\project-rjwm-weixin-uniapp\uni_modules\uni-swipe-action\components\uni-swipe-action-item\mpother.js", "JavaScript", 0, 201, 0, 0, 0, 0, 0, 0, 43, 14, 258
"d:\project\project-rjwm-weixin-uniapp\uni_modules\uni-swipe-action\components\uni-swipe-action-item\mpwxs.js", "JavaScript", 0, 69, 0, 0, 0, 0, 0, 0, 10, 4, 83
"d:\project\project-rjwm-weixin-uniapp\uni_modules\uni-swipe-action\components\uni-swipe-action-item\render.js", "JavaScript", 0, 169, 0, 0, 0, 0, 0, 0, 74, 28, 271
"d:\project\project-rjwm-weixin-uniapp\uni_modules\uni-swipe-action\components\uni-swipe-action-item\uni-swipe-action-item.vue", "Vue", 0, 0, 0, 0, 265, 0, 0, 0, 53, 27, 345
"d:\project\project-rjwm-weixin-uniapp\uni_modules\uni-swipe-action\components\uni-swipe-action-item\wx.wxs", "XML", 0, 0, 0, 0, 0, 305, 0, 0, 0, 37, 342
"d:\project\project-rjwm-weixin-uniapp\uni_modules\uni-swipe-action\components\uni-swipe-action\uni-swipe-action.vue", "Vue", 0, 0, 0, 0, 37, 0, 0, 0, 19, 5, 61
"d:\project\project-rjwm-weixin-uniapp\uni_modules\uni-swipe-action\package.json", "JSON", 0, 0, 0, 87, 0, 0, 0, 0, 0, 0, 87
"d:\project\project-rjwm-weixin-uniapp\uni_modules\uni-swipe-action\readme.md", "Markdown", 6, 0, 0, 0, 0, 0, 0, 0, 0, 5, 11
"d:\project\project-rjwm-weixin-uniapp\uni_modules\uni-swiper-dot\changelog.md", "Markdown", 12, 0, 0, 0, 0, 0, 0, 0, 0, 1, 13
"d:\project\project-rjwm-weixin-uniapp\uni_modules\uni-swiper-dot\components\uni-swiper-dot\uni-swiper-dot.vue", "Vue", 0, 0, 0, 0, 164, 0, 0, 0, 39, 16, 219
"d:\project\project-rjwm-weixin-uniapp\uni_modules\uni-swiper-dot\package.json", "JSON", 0, 0, 0, 87, 0, 0, 0, 0, 0, 0, 87
"d:\project\project-rjwm-weixin-uniapp\uni_modules\uni-swiper-dot\readme.md", "Markdown", 6, 0, 0, 0, 0, 0, 0, 0, 0, 5, 11
"d:\project\project-rjwm-weixin-uniapp\uni_modules\uni-table\changelog.md", "Markdown", 21, 0, 0, 0, 0, 0, 0, 0, 0, 1, 22
"d:\project\project-rjwm-weixin-uniapp\uni_modules\uni-table\components\uni-table\uni-table.vue", "Vue", 0, 0, 0, 0, 359, 0, 0, 0, 62, 35, 456
"d:\project\project-rjwm-weixin-uniapp\uni_modules\uni-table\components\uni-tbody\uni-tbody.vue", "Vue", 0, 0, 0, 0, 26, 0, 0, 0, 0, 4, 30
"d:\project\project-rjwm-weixin-uniapp\uni_modules\uni-table\components\uni-td\uni-td.vue", "Vue", 0, 0, 0, 0, 76, 0, 0, 0, 9, 6, 91
"d:\project\project-rjwm-weixin-uniapp\uni_modules\uni-table\components\uni-th\filter-dropdown.vue", "Vue", 0, 0, 0, 0, 464, 0, 0, 0, 0, 40, 504
"d:\project\project-rjwm-weixin-uniapp\uni_modules\uni-table\components\uni-th\uni-th.vue", "Vue", 0, 0, 0, 0, 243, 0, 0, 0, 25, 7, 275
"d:\project\project-rjwm-weixin-uniapp\uni_modules\uni-table\components\uni-thead\uni-thead.vue", "Vue", 0, 0, 0, 0, 106, 0, 0, 0, 14, 10, 130
"d:\project\project-rjwm-weixin-uniapp\uni_modules\uni-table\components\uni-tr\table-checkbox.vue", "Vue", 0, 0, 0, 0, 156, 0, 0, 0, 12, 12, 180
"d:\project\project-rjwm-weixin-uniapp\uni_modules\uni-table\components\uni-tr\uni-tr.vue", "Vue", 0, 0, 0, 0, 141, 0, 0, 0, 22, 9, 172
"d:\project\project-rjwm-weixin-uniapp\uni_modules\uni-table\i18n\en.json", "JSON", 0, 0, 0, 9, 0, 0, 0, 0, 0, 1, 10
"d:\project\project-rjwm-weixin-uniapp\uni_modules\uni-table\i18n\es.json", "JSON", 0, 0, 0, 9, 0, 0, 0, 0, 0, 1, 10
"d:\project\project-rjwm-weixin-uniapp\uni_modules\uni-table\i18n\fr.json", "JSON", 0, 0, 0, 9, 0, 0, 0, 0, 0, 1, 10
"d:\project\project-rjwm-weixin-uniapp\uni_modules\uni-table\i18n\index.js", "JavaScript", 0, 12, 0, 0, 0, 0, 0, 0, 0, 1, 13
"d:\project\project-rjwm-weixin-uniapp\uni_modules\uni-table\i18n\zh-Hans.json", "JSON", 0, 0, 0, 9, 0, 0, 0, 0, 0, 1, 10
"d:\project\project-rjwm-weixin-uniapp\uni_modules\uni-table\i18n\zh-Hant.json", "JSON", 0, 0, 0, 9, 0, 0, 0, 0, 0, 1, 10
"d:\project\project-rjwm-weixin-uniapp\uni_modules\uni-table\package.json", "JSON", 0, 0, 0, 86, 0, 0, 0, 0, 0, 0, 86
"d:\project\project-rjwm-weixin-uniapp\uni_modules\uni-table\readme.md", "Markdown", 5, 0, 0, 0, 0, 0, 0, 0, 0, 9, 14
"d:\project\project-rjwm-weixin-uniapp\uni_modules\uni-tag\changelog.md", "Markdown", 21, 0, 0, 0, 0, 0, 0, 0, 0, 1, 22
"d:\project\project-rjwm-weixin-uniapp\uni_modules\uni-tag\components\uni-tag\uni-tag.vue", "Vue", 0, 0, 0, 0, 187, 0, 0, 0, 36, 30, 253
"d:\project\project-rjwm-weixin-uniapp\uni_modules\uni-tag\package.json", "JSON", 0, 0, 0, 87, 0, 0, 0, 0, 0, 0, 87
"d:\project\project-rjwm-weixin-uniapp\uni_modules\uni-tag\readme.md", "Markdown", 6, 0, 0, 0, 0, 0, 0, 0, 0, 8, 14
"d:\project\project-rjwm-weixin-uniapp\uni_modules\uni-test\changelog.md", "Markdown", 33, 0, 0, 0, 0, 0, 0, 0, 0, 7, 40
"d:\project\project-rjwm-weixin-uniapp\uni_modules\uni-test\components\uni-test\uni-test.vue", "Vue", 0, 0, 0, 0, 22, 0, 0, 0, 0, 5, 27
"d:\project\project-rjwm-weixin-uniapp\uni_modules\uni-test\package.json", "JSON", 0, 0, 0, 83, 0, 0, 0, 0, 0, 1, 84
"d:\project\project-rjwm-weixin-uniapp\uni_modules\uni-test\readme.md", "Markdown", 5, 0, 0, 0, 0, 0, 0, 0, 0, 5, 10
"d:\project\project-rjwm-weixin-uniapp\uni_modules\uni-title\changelog.md", "Markdown", 8, 0, 0, 0, 0, 0, 0, 0, 0, 1, 9
"d:\project\project-rjwm-weixin-uniapp\uni_modules\uni-title\components\uni-title\uni-title.vue", "Vue", 0, 0, 0, 0, 133, 0, 0, 0, 28, 11, 172
"d:\project\project-rjwm-weixin-uniapp\uni_modules\uni-title\package.json", "JSON", 0, 0, 0, 88, 0, 0, 0, 0, 0, 0, 88
"d:\project\project-rjwm-weixin-uniapp\uni_modules\uni-title\readme.md", "Markdown", 6, 0, 0, 0, 0, 0, 0, 0, 0, 9, 15
"d:\project\project-rjwm-weixin-uniapp\uni_modules\uni-transition\changelog.md", "Markdown", 20, 0, 0, 0, 0, 0, 0, 0, 0, 1, 21
"d:\project\project-rjwm-weixin-uniapp\uni_modules\uni-transition\components\uni-transition\createAnimation.js", "JavaScript", 0, 100, 0, 0, 0, 0, 0, 0, 20, 9, 129
"d:\project\project-rjwm-weixin-uniapp\uni_modules\uni-transition\components\uni-transition\uni-transition.vue", "Vue", 0, 0, 0, 0, 232, 0, 0, 0, 41, 5, 278
"d:\project\project-rjwm-weixin-uniapp\uni_modules\uni-transition\package.json", "JSON", 0, 0, 0, 87, 0, 0, 0, 0, 0, 0, 87
"d:\project\project-rjwm-weixin-uniapp\uni_modules\uni-transition\readme.md", "Markdown", 6, 0, 0, 0, 0, 0, 0, 0, 0, 5, 11
"d:\project\project-rjwm-weixin-uniapp\uni_modules\uni-ui\changelog.md", "Markdown", 381, 0, 0, 0, 0, 0, 0, 0, 0, 3, 384
"d:\project\project-rjwm-weixin-uniapp\uni_modules\uni-ui\components\uni-ui\uni-ui.vue", "Vue", 0, 0, 0, 0, 7, 0, 0, 0, 0, 1, 8
"d:\project\project-rjwm-weixin-uniapp\uni_modules\uni-ui\package.json", "JSON", 0, 0, 0, 128, 0, 0, 0, 0, 0, 0, 128
"d:\project\project-rjwm-weixin-uniapp\uni_modules\uni-ui\readme.md", "Markdown", 179, 0, 0, 0, 0, 0, 0, 0, 0, 69, 248
"d:\project\project-rjwm-weixin-uniapp\unpackage\dist\build\.automator\h5\.automator.json", "JSON", 0, 0, 0, 0, 0, 0, 0, 0, 0, 1, 1
"d:\project\project-rjwm-weixin-uniapp\unpackage\dist\build\.automator\mp-weixin\.automator.json", "JSON", 0, 0, 0, 0, 0, 0, 0, 0, 0, 1, 1
"d:\project\project-rjwm-weixin-uniapp\unpackage\dist\build\h5\index.html", "HTML", 0, 0, 0, 0, 0, 0, 0, 2, 0, 0, 2
"d:\project\project-rjwm-weixin-uniapp\unpackage\dist\build\h5\static\index.9ffdaeb8.css", "CSS", 0, 0, 0, 0, 0, 0, 1, 0, 0, 0, 1
"d:\project\project-rjwm-weixin-uniapp\unpackage\dist\build\h5\static\js\chunk-vendors.6d9b4405.js", "JavaScript", 0, 3, 0, 0, 0, 0, 0, 0, 10, 0, 13
"d:\project\project-rjwm-weixin-uniapp\unpackage\dist\build\h5\static\js\index.3ed8bc6f.js", "JavaScript", 0, 1, 0, 0, 0, 0, 0, 0, 0, 0, 1
"d:\project\project-rjwm-weixin-uniapp\unpackage\dist\build\h5\static\js\pages-index-index.cb90daf7.js", "JavaScript", 0, 1, 0, 0, 0, 0, 0, 0, 0, 0, 1
"d:\project\project-rjwm-weixin-uniapp\unpackage\dist\build\h5\static\js\pages-index-index~pages-order-index.ca00f0ab.js", "JavaScript", 0, 1, 0, 0, 0, 0, 0, 0, 0, 0, 1
"d:\project\project-rjwm-weixin-uniapp\unpackage\dist\build\h5\static\js\pages-nonet-index.c7caf6d9.js", "JavaScript", 0, 1, 0, 0, 0, 0, 0, 0, 0, 0, 1
"d:\project\project-rjwm-weixin-uniapp\unpackage\dist\build\h5\static\js\pages-order-index.239216c6.js", "JavaScript", 0, 1, 0, 0, 0, 0, 0, 0, 0, 0, 1
"d:\project\project-rjwm-weixin-uniapp\unpackage\dist\build\h5\static\js\pages-order-success.efa9a216.js", "JavaScript", 0, 1, 0, 0, 0, 0, 0, 0, 0, 0, 1
"d:\project\project-rjwm-weixin-uniapp\unpackage\dist\build\mp-weixin\app.js", "JavaScript", 0, 3, 0, 0, 0, 0, 0, 0, 0, 1, 4
"d:\project\project-rjwm-weixin-uniapp\unpackage\dist\build\mp-weixin\app.json", "JSON", 0, 0, 0, 24, 0, 0, 0, 0, 0, 0, 24
"d:\project\project-rjwm-weixin-uniapp\unpackage\dist\build\mp-weixin\common\main.js", "JavaScript", 0, 1, 0, 0, 0, 0, 0, 0, 0, 0, 1
"d:\project\project-rjwm-weixin-uniapp\unpackage\dist\build\mp-weixin\common\runtime.js", "JavaScript", 0, 2, 0, 0, 0, 0, 0, 0, 0, 2, 4
"d:\project\project-rjwm-weixin-uniapp\unpackage\dist\build\mp-weixin\common\vendor.js", "JavaScript", 0, 3, 0, 0, 0, 0, 0, 0, 10, 0, 13
"d:\project\project-rjwm-weixin-uniapp\unpackage\dist\build\mp-weixin\components\empty\empty.js", "JavaScript", 0, 10, 0, 0, 0, 0, 0, 0, 0, 1, 11
"d:\project\project-rjwm-weixin-uniapp\unpackage\dist\build\mp-weixin\components\empty\empty.json", "JSON", 0, 0, 0, 4, 0, 0, 0, 0, 0, 0, 4
"d:\project\project-rjwm-weixin-uniapp\unpackage\dist\build\mp-weixin\components\reach-bottom\reach-bottom.js", "JavaScript", 0, 10, 0, 0, 0, 0, 0, 0, 0, 1, 11
"d:\project\project-rjwm-weixin-uniapp\unpackage\dist\build\mp-weixin\components\reach-bottom\reach-bottom.json", "JSON", 0, 0, 0, 4, 0, 0, 0, 0, 0, 0, 4
"d:\project\project-rjwm-weixin-uniapp\unpackage\dist\build\mp-weixin\components\uni-icons\uni-icons.js", "JavaScript", 0, 10, 0, 0, 0, 0, 0, 0, 0, 1, 11
"d:\project\project-rjwm-weixin-uniapp\unpackage\dist\build\mp-weixin\components\uni-icons\uni-icons.json", "JSON", 0, 0, 0, 4, 0, 0, 0, 0, 0, 0, 4
"d:\project\project-rjwm-weixin-uniapp\unpackage\dist\build\mp-weixin\components\uni-nav-bar\uni-nav-bar.js", "JavaScript", 0, 10, 0, 0, 0, 0, 0, 0, 0, 1, 11
"d:\project\project-rjwm-weixin-uniapp\unpackage\dist\build\mp-weixin\components\uni-nav-bar\uni-nav-bar.json", "JSON", 0, 0, 0, 7, 0, 0, 0, 0, 0, 0, 7
"d:\project\project-rjwm-weixin-uniapp\unpackage\dist\build\mp-weixin\components\uni-phone\index.js", "JavaScript", 0, 10, 0, 0, 0, 0, 0, 0, 0, 1, 11
"d:\project\project-rjwm-weixin-uniapp\unpackage\dist\build\mp-weixin\components\uni-phone\index.json", "JSON", 0, 0, 0, 6, 0, 0, 0, 0, 0, 0, 6
"d:\project\project-rjwm-weixin-uniapp\unpackage\dist\build\mp-weixin\components\uni-piker\index.js", "JavaScript", 0, 10, 0, 0, 0, 0, 0, 0, 0, 1, 11
"d:\project\project-rjwm-weixin-uniapp\unpackage\dist\build\mp-weixin\components\uni-piker\index.json", "JSON", 0, 0, 0, 4, 0, 0, 0, 0, 0, 0, 4
"d:\project\project-rjwm-weixin-uniapp\unpackage\dist\build\mp-weixin\components\uni-popup\index.js", "JavaScript", 0, 10, 0, 0, 0, 0, 0, 0, 0, 1, 11
"d:\project\project-rjwm-weixin-uniapp\unpackage\dist\build\mp-weixin\components\uni-popup\index.json", "JSON", 0, 0, 0, 4, 0, 0, 0, 0, 0, 0, 4
"d:\project\project-rjwm-weixin-uniapp\unpackage\dist\build\mp-weixin\components\uni-status-bar\uni-status-bar.js", "JavaScript", 0, 10, 0, 0, 0, 0, 0, 0, 0, 1, 11
"d:\project\project-rjwm-weixin-uniapp\unpackage\dist\build\mp-weixin\components\uni-status-bar\uni-status-bar.json", "JSON", 0, 0, 0, 4, 0, 0, 0, 0, 0, 0, 4
"d:\project\project-rjwm-weixin-uniapp\unpackage\dist\build\mp-weixin\node-modules\@dcloudio\uni-ui\lib\uni-easyinput\uni-easyinput.js", "JavaScript", 0, 10, 0, 0, 0, 0, 0, 0, 0, 1, 11
"d:\project\project-rjwm-weixin-uniapp\unpackage\dist\build\mp-weixin\node-modules\@dcloudio\uni-ui\lib\uni-easyinput\uni-easyinput.json", "JSON", 0, 0, 0, 6, 0, 0, 0, 0, 0, 0, 6
"d:\project\project-rjwm-weixin-uniapp\unpackage\dist\build\mp-weixin\node-modules\@dcloudio\uni-ui\lib\uni-list-item\uni-list-item.js", "JavaScript", 0, 10, 0, 0, 0, 0, 0, 0, 0, 1, 11
"d:\project\project-rjwm-weixin-uniapp\unpackage\dist\build\mp-weixin\node-modules\@dcloudio\uni-ui\lib\uni-list-item\uni-list-item.json", "JSON", 0, 0, 0, 7, 0, 0, 0, 0, 0, 0, 7
"d:\project\project-rjwm-weixin-uniapp\unpackage\dist\build\mp-weixin\pages\addOrEditAddress\addOrEditAddress.js", "JavaScript", 0, 1, 0, 0, 0, 0, 0, 0, 0, 0, 1
"d:\project\project-rjwm-weixin-uniapp\unpackage\dist\build\mp-weixin\pages\addOrEditAddress\addOrEditAddress.json", "JSON", 0, 0, 0, 11, 0, 0, 0, 0, 0, 0, 11
"d:\project\project-rjwm-weixin-uniapp\unpackage\dist\build\mp-weixin\pages\address\address.js", "JavaScript", 0, 1, 0, 0, 0, 0, 0, 0, 0, 0, 1
"d:\project\project-rjwm-weixin-uniapp\unpackage\dist\build\mp-weixin\pages\address\address.json", "JSON", 0, 0, 0, 10, 0, 0, 0, 0, 0, 0, 10
"d:\project\project-rjwm-weixin-uniapp\unpackage\dist\build\mp-weixin\pages\common\Navbar\navbar.js", "JavaScript", 0, 10, 0, 0, 0, 0, 0, 0, 0, 1, 11
"d:\project\project-rjwm-weixin-uniapp\unpackage\dist\build\mp-weixin\pages\common\Navbar\navbar.json", "JSON", 0, 0, 0, 4, 0, 0, 0, 0, 0, 0, 4
"d:\project\project-rjwm-weixin-uniapp\unpackage\dist\build\mp-weixin\pages\common\simple-address\simple-address.js", "JavaScript", 0, 10, 0, 0, 0, 0, 0, 0, 0, 1, 11
"d:\project\project-rjwm-weixin-uniapp\unpackage\dist\build\mp-weixin\pages\common\simple-address\simple-address.json", "JSON", 0, 0, 0, 4, 0, 0, 0, 0, 0, 0, 4
"d:\project\project-rjwm-weixin-uniapp\unpackage\dist\build\mp-weixin\pages\details\index.js", "JavaScript", 0, 1, 0, 0, 0, 0, 0, 0, 0, 0, 1
"d:\project\project-rjwm-weixin-uniapp\unpackage\dist\build\mp-weixin\pages\details\index.json", "JSON", 0, 0, 0, 9, 0, 0, 0, 0, 0, 0, 9
"d:\project\project-rjwm-weixin-uniapp\unpackage\dist\build\mp-weixin\pages\historyOrder\historyOrder.js", "JavaScript", 0, 1, 0, 0, 0, 0, 0, 0, 0, 0, 1
"d:\project\project-rjwm-weixin-uniapp\unpackage\dist\build\mp-weixin\pages\historyOrder\historyOrder.json", "JSON", 0, 0, 0, 10, 0, 0, 0, 0, 0, 0, 10
"d:\project\project-rjwm-weixin-uniapp\unpackage\dist\build\mp-weixin\pages\index\index.js", "JavaScript", 0, 1, 0, 0, 0, 0, 0, 0, 0, 0, 1
"d:\project\project-rjwm-weixin-uniapp\unpackage\dist\build\mp-weixin\pages\index\index.json", "JSON", 0, 0, 0, 8, 0, 0, 0, 0, 0, 0, 8
"d:\project\project-rjwm-weixin-uniapp\unpackage\dist\build\mp-weixin\pages\my\my.js", "JavaScript", 0, 1, 0, 0, 0, 0, 0, 0, 0, 0, 1
"d:\project\project-rjwm-weixin-uniapp\unpackage\dist\build\mp-weixin\pages\my\my.json", "JSON", 0, 0, 0, 9, 0, 0, 0, 0, 0, 0, 9
"d:\project\project-rjwm-weixin-uniapp\unpackage\dist\build\mp-weixin\pages\nonet\index.js", "JavaScript", 0, 1, 0, 0, 0, 0, 0, 0, 0, 0, 1
"d:\project\project-rjwm-weixin-uniapp\unpackage\dist\build\mp-weixin\pages\nonet\index.json", "JSON", 0, 0, 0, 4, 0, 0, 0, 0, 0, 0, 4
"d:\project\project-rjwm-weixin-uniapp\unpackage\dist\build\mp-weixin\pages\order\index.js", "JavaScript", 0, 1, 0, 0, 0, 0, 0, 0, 0, 0, 1
"d:\project\project-rjwm-weixin-uniapp\unpackage\dist\build\mp-weixin\pages\order\index.json", "JSON", 0, 0, 0, 12, 0, 0, 0, 0, 0, 0, 12
"d:\project\project-rjwm-weixin-uniapp\unpackage\dist\build\mp-weixin\pages\pay\index.js", "JavaScript", 0, 1, 0, 0, 0, 0, 0, 0, 0, 0, 1
"d:\project\project-rjwm-weixin-uniapp\unpackage\dist\build\mp-weixin\pages\pay\index.json", "JSON", 0, 0, 0, 6, 0, 0, 0, 0, 0, 0, 6
"d:\project\project-rjwm-weixin-uniapp\unpackage\dist\build\mp-weixin\pages\remark\index.js", "JavaScript", 0, 1, 0, 0, 0, 0, 0, 0, 0, 0, 1
"d:\project\project-rjwm-weixin-uniapp\unpackage\dist\build\mp-weixin\pages\remark\index.json", "JSON", 0, 0, 0, 9, 0, 0, 0, 0, 0, 0, 9
"d:\project\project-rjwm-weixin-uniapp\unpackage\dist\build\mp-weixin\pages\success\index.js", "JavaScript", 0, 1, 0, 0, 0, 0, 0, 0, 0, 0, 1
"d:\project\project-rjwm-weixin-uniapp\unpackage\dist\build\mp-weixin\pages\success\index.json", "JSON", 0, 0, 0, 6, 0, 0, 0, 0, 0, 0, 6
"d:\project\project-rjwm-weixin-uniapp\unpackage\dist\build\mp-weixin\project.config.json", "JSON", 0, 0, 0, 46, 0, 0, 0, 0, 0, 0, 46
"d:\project\project-rjwm-weixin-uniapp\unpackage\dist\build\mp-weixin\sitemap.json", "JSON", 0, 0, 0, 7, 0, 0, 0, 0, 0, 0, 7
"d:\project\project-rjwm-weixin-uniapp\unpackage\dist\build\mp-weixin\uni_modules\uni-badge\components\uni-badge\uni-badge.js", "JavaScript", 0, 10, 0, 0, 0, 0, 0, 0, 0, 1, 11
"d:\project\project-rjwm-weixin-uniapp\unpackage\dist\build\mp-weixin\uni_modules\uni-badge\components\uni-badge\uni-badge.json", "JSON", 0, 0, 0, 4, 0, 0, 0, 0, 0, 0, 4
"d:\project\project-rjwm-weixin-uniapp\unpackage\dist\build\mp-weixin\uni_modules\uni-easyinput\components\uni-easyinput\uni-easyinput.js", "JavaScript", 0, 10, 0, 0, 0, 0, 0, 0, 0, 1, 11
"d:\project\project-rjwm-weixin-uniapp\unpackage\dist\build\mp-weixin\uni_modules\uni-easyinput\components\uni-easyinput\uni-easyinput.json", "JSON", 0, 0, 0, 6, 0, 0, 0, 0, 0, 0, 6
"d:\project\project-rjwm-weixin-uniapp\unpackage\dist\build\mp-weixin\uni_modules\uni-list\components\uni-list-item\uni-list-item.js", "JavaScript", 0, 10, 0, 0, 0, 0, 0, 0, 0, 1, 11
"d:\project\project-rjwm-weixin-uniapp\unpackage\dist\build\mp-weixin\uni_modules\uni-list\components\uni-list-item\uni-list-item.json", "JSON", 0, 0, 0, 7, 0, 0, 0, 0, 0, 0, 7
"d:\project\project-rjwm-weixin-uniapp\unpackage\dist\build\mp-weixin\uni_modules\uni-list\components\uni-list\uni-list.js", "JavaScript", 0, 10, 0, 0, 0, 0, 0, 0, 0, 1, 11
"d:\project\project-rjwm-weixin-uniapp\unpackage\dist\build\mp-weixin\uni_modules\uni-list\components\uni-list\uni-list.json", "JSON", 0, 0, 0, 4, 0, 0, 0, 0, 0, 0, 4
"d:\project\project-rjwm-weixin-uniapp\unpackage\dist\build\mp-weixin\uni_modules\uni-popup\components\uni-popup\uni-popup.js", "JavaScript", 0, 10, 0, 0, 0, 0, 0, 0, 0, 1, 11
"d:\project\project-rjwm-weixin-uniapp\unpackage\dist\build\mp-weixin\uni_modules\uni-popup\components\uni-popup\uni-popup.json", "JSON", 0, 0, 0, 6, 0, 0, 0, 0, 0, 0, 6
"d:\project\project-rjwm-weixin-uniapp\unpackage\dist\build\mp-weixin\uni_modules\uni-transition\components\uni-transition\uni-transition.js", "JavaScript", 0, 10, 0, 0, 0, 0, 0, 0, 0, 1, 11
"d:\project\project-rjwm-weixin-uniapp\unpackage\dist\build\mp-weixin\uni_modules\uni-transition\components\uni-transition\uni-transition.json", "JSON", 0, 0, 0, 4, 0, 0, 0, 0, 0, 0, 4
"d:\project\project-rjwm-weixin-uniapp\unpackage\dist\dev\.automator\app-plus\.automator.json", "JSON", 0, 0, 0, 0, 0, 0, 0, 0, 0, 1, 1
"d:\project\project-rjwm-weixin-uniapp\unpackage\dist\dev\.automator\mp-weixin\.automator.json", "JSON", 0, 0, 0, 0, 0, 0, 0, 0, 0, 1, 1
"d:\project\project-rjwm-weixin-uniapp\unpackage\dist\dev\app-plus\__uniappchooselocation.js", "JavaScript", 0, 1, 0, 0, 0, 0, 0, 0, 0, 0, 1
"d:\project\project-rjwm-weixin-uniapp\unpackage\dist\dev\app-plus\__uniappes6.js", "JavaScript", 0, 1, 0, 0, 0, 0, 0, 0, 0, 0, 1
"d:\project\project-rjwm-weixin-uniapp\unpackage\dist\dev\app-plus\__uniappopenlocation.js", "JavaScript", 0, 1, 0, 0, 0, 0, 0, 0, 0, 0, 1
"d:\project\project-rjwm-weixin-uniapp\unpackage\dist\dev\app-plus\__uniapppicker.js", "JavaScript", 0, 1, 0, 0, 0, 0, 0, 0, 0, 0, 1
"d:\project\project-rjwm-weixin-uniapp\unpackage\dist\dev\app-plus\__uniappquill.js", "JavaScript", 0, 1, 0, 0, 0, 0, 0, 0, 7, 0, 8
"d:\project\project-rjwm-weixin-uniapp\unpackage\dist\dev\app-plus\__uniappquillimageresize.js", "JavaScript", 0, 1, 0, 0, 0, 0, 0, 0, 0, 0, 1
"d:\project\project-rjwm-weixin-uniapp\unpackage\dist\dev\app-plus\__uniappscan.js", "JavaScript", 0, 1, 0, 0, 0, 0, 0, 0, 0, 0, 1
"d:\project\project-rjwm-weixin-uniapp\unpackage\dist\dev\app-plus\__uniappview.html", "HTML", 0, 0, 0, 0, 0, 0, 0, 22, 0, 4, 26
"d:\project\project-rjwm-weixin-uniapp\unpackage\dist\dev\app-plus\app-config-service.js", "JavaScript", 0, 7, 0, 0, 0, 0, 0, 0, 0, 2, 9
"d:\project\project-rjwm-weixin-uniapp\unpackage\dist\dev\app-plus\app-config.js", "JavaScript", 0, 128, 0, 0, 0, 0, 0, 0, 26, 0, 154
"d:\project\project-rjwm-weixin-uniapp\unpackage\dist\dev\app-plus\app-service.js", "JavaScript", 0, 6170, 0, 0, 0, 0, 0, 0, 821, 725, 7716
"d:\project\project-rjwm-weixin-uniapp\unpackage\dist\dev\app-plus\app-view.js", "JavaScript", 0, 4350, 0, 0, 0, 0, 0, 0, 735, 508, 5593
"d:\project\project-rjwm-weixin-uniapp\unpackage\dist\dev\app-plus\manifest.json", "JSON", 0, 0, 0, 1, 0, 0, 0, 0, 0, 0, 1
"d:\project\project-rjwm-weixin-uniapp\unpackage\dist\dev\app-plus\view.css", "CSS", 0, 0, 0, 0, 0, 0, 1, 0, 0, 0, 1
"d:\project\project-rjwm-weixin-uniapp\unpackage\dist\dev\app-plus\view.umd.min.js", "JavaScript", 0, 2, 0, 0, 0, 0, 0, 0, 4, 0, 6
"d:\project\project-rjwm-weixin-uniapp\unpackage\dist\dev\mp-weixin\app.js", "JavaScript", 0, 3, 0, 0, 0, 0, 0, 0, 0, 1, 4
"d:\project\project-rjwm-weixin-uniapp\unpackage\dist\dev\mp-weixin\app.json", "JSON", 0, 0, 0, 24, 0, 0, 0, 0, 0, 0, 24
"d:\project\project-rjwm-weixin-uniapp\unpackage\dist\dev\mp-weixin\common\main.js", "JavaScript", 0, 81, 0, 0, 0, 0, 0, 0, 33, 24, 138
"d:\project\project-rjwm-weixin-uniapp\unpackage\dist\dev\mp-weixin\common\runtime.js", "JavaScript", 0, 232, 0, 0, 0, 0, 0, 0, 39, 2, 273
"d:\project\project-rjwm-weixin-uniapp\unpackage\dist\dev\mp-weixin\common\vendor.js", "JavaScript", 0, 21294, 0, 0, 0, 0, 0, 0, 1915, 5714, 28923
"d:\project\project-rjwm-weixin-uniapp\unpackage\dist\dev\mp-weixin\components\empty\empty.js", "JavaScript", 0, 110, 0, 0, 0, 0, 0, 0, 37, 43, 190
"d:\project\project-rjwm-weixin-uniapp\unpackage\dist\dev\mp-weixin\components\empty\empty.json", "JSON", 0, 0, 0, 4, 0, 0, 0, 0, 0, 0, 4
"d:\project\project-rjwm-weixin-uniapp\unpackage\dist\dev\mp-weixin\components\reach-bottom\reach-bottom.js", "JavaScript", 0, 100, 0, 0, 0, 0, 0, 0, 38, 41, 179
"d:\project\project-rjwm-weixin-uniapp\unpackage\dist\dev\mp-weixin\components\reach-bottom\reach-bottom.json", "JSON", 0, 0, 0, 4, 0, 0, 0, 0, 0, 0, 4
"d:\project\project-rjwm-weixin-uniapp\unpackage\dist\dev\mp-weixin\components\uni-icons\uni-icons.js", "JavaScript", 0, 113, 0, 0, 0, 0, 0, 0, 34, 51, 198
"d:\project\project-rjwm-weixin-uniapp\unpackage\dist\dev\mp-weixin\components\uni-icons\uni-icons.json", "JSON", 0, 0, 0, 4, 0, 0, 0, 0, 0, 0, 4
"d:\project\project-rjwm-weixin-uniapp\unpackage\dist\dev\mp-weixin\components\uni-nav-bar\uni-nav-bar.js", "JavaScript", 0, 169, 0, 0, 0, 0, 0, 0, 31, 97, 297
"d:\project\project-rjwm-weixin-uniapp\unpackage\dist\dev\mp-weixin\components\uni-nav-bar\uni-nav-bar.json", "JSON", 0, 0, 0, 7, 0, 0, 0, 0, 0, 0, 7
"d:\project\project-rjwm-weixin-uniapp\unpackage\dist\dev\mp-weixin\components\uni-phone\index.js", "JavaScript", 0, 109, 0, 0, 0, 0, 0, 0, 35, 46, 190
"d:\project\project-rjwm-weixin-uniapp\unpackage\dist\dev\mp-weixin\components\uni-phone\index.json", "JSON", 0, 0, 0, 6, 0, 0, 0, 0, 0, 0, 6
"d:\project\project-rjwm-weixin-uniapp\unpackage\dist\dev\mp-weixin\components\uni-piker\index.js", "JavaScript", 0, 136, 0, 0, 0, 0, 0, 0, 68, 47, 251
"d:\project\project-rjwm-weixin-uniapp\unpackage\dist\dev\mp-weixin\components\uni-piker\index.json", "JSON", 0, 0, 0, 4, 0, 0, 0, 0, 0, 0, 4
"d:\project\project-rjwm-weixin-uniapp\unpackage\dist\dev\mp-weixin\components\uni-popup\index.js", "JavaScript", 0, 96, 0, 0, 0, 0, 0, 0, 37, 41, 174
"d:\project\project-rjwm-weixin-uniapp\unpackage\dist\dev\mp-weixin\components\uni-popup\index.json", "JSON", 0, 0, 0, 4, 0, 0, 0, 0, 0, 0, 4
"d:\project\project-rjwm-weixin-uniapp\unpackage\dist\dev\mp-weixin\components\uni-status-bar\uni-status-bar.js", "JavaScript", 0, 99, 0, 0, 0, 0, 0, 0, 36, 41, 176
"d:\project\project-rjwm-weixin-uniapp\unpackage\dist\dev\mp-weixin\components\uni-status-bar\uni-status-bar.json", "JSON", 0, 0, 0, 4, 0, 0, 0, 0, 0, 0, 4
"d:\project\project-rjwm-weixin-uniapp\unpackage\dist\dev\mp-weixin\node-modules\@dcloudio\uni-ui\lib\uni-easyinput\uni-easyinput.js", "JavaScript", 0, 312, 0, 0, 0, 0, 0, 0, 120, 65, 497
"d:\project\project-rjwm-weixin-uniapp\unpackage\dist\dev\mp-weixin\node-modules\@dcloudio\uni-ui\lib\uni-easyinput\uni-easyinput.json", "JSON", 0, 0, 0, 6, 0, 0, 0, 0, 0, 0, 6
"d:\project\project-rjwm-weixin-uniapp\unpackage\dist\dev\mp-weixin\node-modules\@dcloudio\uni-ui\lib\uni-list-item\uni-list-item.js", "JavaScript", 0, 264, 0, 0, 0, 0, 0, 0, 114, 69, 447
"d:\project\project-rjwm-weixin-uniapp\unpackage\dist\dev\mp-weixin\node-modules\@dcloudio\uni-ui\lib\uni-list-item\uni-list-item.json", "JSON", 0, 0, 0, 7, 0, 0, 0, 0, 0, 0, 7
"d:\project\project-rjwm-weixin-uniapp\unpackage\dist\dev\mp-weixin\pages\addOrEditAddress\addOrEditAddress.js", "JavaScript", 0, 345, 0, 0, 0, 0, 0, 0, 51, 232, 628
"d:\project\project-rjwm-weixin-uniapp\unpackage\dist\dev\mp-weixin\pages\addOrEditAddress\addOrEditAddress.json", "JSON", 0, 0, 0, 11, 0, 0, 0, 0, 0, 0, 11
"d:\project\project-rjwm-weixin-uniapp\unpackage\dist\dev\mp-weixin\pages\address\address.js", "JavaScript", 0, 318, 0, 0, 0, 0, 0, 0, 81, 152, 551
"d:\project\project-rjwm-weixin-uniapp\unpackage\dist\dev\mp-weixin\pages\address\address.json", "JSON", 0, 0, 0, 10, 0, 0, 0, 0, 0, 0, 10
"d:\project\project-rjwm-weixin-uniapp\unpackage\dist\dev\mp-weixin\pages\common\Navbar\navbar.js", "JavaScript", 0, 91, 0, 0, 0, 0, 0, 0, 45, 34, 170
"d:\project\project-rjwm-weixin-uniapp\unpackage\dist\dev\mp-weixin\pages\common\Navbar\navbar.json", "JSON", 0, 0, 0, 4, 0, 0, 0, 0, 0, 0, 4
"d:\project\project-rjwm-weixin-uniapp\unpackage\dist\dev\mp-weixin\pages\common\simple-address\simple-address.js", "JavaScript", 0, 200, 0, 0, 0, 0, 0, 0, 87, 96, 383
"d:\project\project-rjwm-weixin-uniapp\unpackage\dist\dev\mp-weixin\pages\common\simple-address\simple-address.json", "JSON", 0, 0, 0, 4, 0, 0, 0, 0, 0, 0, 4
"d:\project\project-rjwm-weixin-uniapp\unpackage\dist\dev\mp-weixin\pages\details\index.js", "JavaScript", 0, 114, 0, 0, 0, 0, 0, 0, 18, 35, 167
"d:\project\project-rjwm-weixin-uniapp\unpackage\dist\dev\mp-weixin\pages\details\index.json", "JSON", 0, 0, 0, 11, 0, 0, 0, 0, 0, 0, 11
"d:\project\project-rjwm-weixin-uniapp\unpackage\dist\dev\mp-weixin\pages\historyOrder\historyOrder.js", "JavaScript", 0, 309, 0, 0, 0, 0, 0, 0, 48, 131, 488
"d:\project\project-rjwm-weixin-uniapp\unpackage\dist\dev\mp-weixin\pages\historyOrder\historyOrder.json", "JSON", 0, 0, 0, 11, 0, 0, 0, 0, 0, 0, 11
"d:\project\project-rjwm-weixin-uniapp\unpackage\dist\dev\mp-weixin\pages\index\index.js", "JavaScript", 0, 139, 0, 0, 0, 0, 0, 0, 27, 50, 216
"d:\project\project-rjwm-weixin-uniapp\unpackage\dist\dev\mp-weixin\pages\index\index.json", "JSON", 0, 0, 0, 8, 0, 0, 0, 0, 0, 0, 8
"d:\project\project-rjwm-weixin-uniapp\unpackage\dist\dev\mp-weixin\pages\my\my.js", "JavaScript", 0, 264, 0, 0, 0, 0, 0, 0, 43, 159, 466
"d:\project\project-rjwm-weixin-uniapp\unpackage\dist\dev\mp-weixin\pages\my\my.json", "JSON", 0, 0, 0, 10, 0, 0, 0, 0, 0, 0, 10
"d:\project\project-rjwm-weixin-uniapp\unpackage\dist\dev\mp-weixin\pages\nonet\index.js", "JavaScript", 0, 104, 0, 0, 0, 0, 0, 0, 35, 66, 205
"d:\project\project-rjwm-weixin-uniapp\unpackage\dist\dev\mp-weixin\pages\nonet\index.json", "JSON", 0, 0, 0, 4, 0, 0, 0, 0, 0, 0, 4
"d:\project\project-rjwm-weixin-uniapp\unpackage\dist\dev\mp-weixin\pages\order\index.js", "JavaScript", 0, 136, 0, 0, 0, 0, 0, 0, 27, 43, 206
"d:\project\project-rjwm-weixin-uniapp\unpackage\dist\dev\mp-weixin\pages\order\index.json", "JSON", 0, 0, 0, 14, 0, 0, 0, 0, 0, 0, 14
"d:\project\project-rjwm-weixin-uniapp\unpackage\dist\dev\mp-weixin\pages\pay\index.js", "JavaScript", 0, 163, 0, 0, 0, 0, 0, 0, 30, 89, 282
"d:\project\project-rjwm-weixin-uniapp\unpackage\dist\dev\mp-weixin\pages\pay\index.json", "JSON", 0, 0, 0, 6, 0, 0, 0, 0, 0, 0, 6
"d:\project\project-rjwm-weixin-uniapp\unpackage\dist\dev\mp-weixin\pages\remark\index.js", "JavaScript", 0, 156, 0, 0, 0, 0, 0, 0, 43, 73, 272
"d:\project\project-rjwm-weixin-uniapp\unpackage\dist\dev\mp-weixin\pages\remark\index.json", "JSON", 0, 0, 0, 9, 0, 0, 0, 0, 0, 0, 9
"d:\project\project-rjwm-weixin-uniapp\unpackage\dist\dev\mp-weixin\pages\success\index.js", "JavaScript", 0, 121, 0, 0, 0, 0, 0, 0, 41, 85, 247
"d:\project\project-rjwm-weixin-uniapp\unpackage\dist\dev\mp-weixin\pages\success\index.json", "JSON", 0, 0, 0, 6, 0, 0, 0, 0, 0, 0, 6
"d:\project\project-rjwm-weixin-uniapp\unpackage\dist\dev\mp-weixin\project.config.json", "JSON", 0, 0, 0, 47, 0, 0, 0, 0, 0, 0, 47
"d:\project\project-rjwm-weixin-uniapp\unpackage\dist\dev\mp-weixin\project.private.config.json", "JSON", 0, 0, 0, 7, 0, 0, 0, 0, 0, 0, 7
"d:\project\project-rjwm-weixin-uniapp\unpackage\dist\dev\mp-weixin\sitemap.json", "JSON", 0, 0, 0, 7, 0, 0, 0, 0, 0, 0, 7
"d:\project\project-rjwm-weixin-uniapp\unpackage\dist\dev\mp-weixin\uni_modules\uni-badge\components\uni-badge\uni-badge.js", "JavaScript", 0, 206, 0, 0, 0, 0, 0, 0, 61, 67, 334
"d:\project\project-rjwm-weixin-uniapp\unpackage\dist\dev\mp-weixin\uni_modules\uni-badge\components\uni-badge\uni-badge.json", "JSON", 0, 0, 0, 4, 0, 0, 0, 0, 0, 0, 4
"d:\project\project-rjwm-weixin-uniapp\unpackage\dist\dev\mp-weixin\uni_modules\uni-easyinput\components\uni-easyinput\uni-easyinput.js", "JavaScript", 0, 312, 0, 0, 0, 0, 0, 0, 120, 65, 497
"d:\project\project-rjwm-weixin-uniapp\unpackage\dist\dev\mp-weixin\uni_modules\uni-easyinput\components\uni-easyinput\uni-easyinput.json", "JSON", 0, 0, 0, 6, 0, 0, 0, 0, 0, 0, 6
"d:\project\project-rjwm-weixin-uniapp\unpackage\dist\dev\mp-weixin\uni_modules\uni-list\components\uni-list-item\uni-list-item.js", "JavaScript", 0, 264, 0, 0, 0, 0, 0, 0, 114, 69, 447
"d:\project\project-rjwm-weixin-uniapp\unpackage\dist\dev\mp-weixin\uni_modules\uni-list\components\uni-list-item\uni-list-item.json", "JSON", 0, 0, 0, 7, 0, 0, 0, 0, 0, 0, 7
"d:\project\project-rjwm-weixin-uniapp\unpackage\dist\dev\mp-weixin\uni_modules\uni-list\components\uni-list\uni-list.js", "JavaScript", 0, 114, 0, 0, 0, 0, 0, 0, 53, 46, 213
"d:\project\project-rjwm-weixin-uniapp\unpackage\dist\dev\mp-weixin\uni_modules\uni-list\components\uni-list\uni-list.json", "JSON", 0, 0, 0, 4, 0, 0, 0, 0, 0, 0, 4
"d:\project\project-rjwm-weixin-uniapp\unpackage\dist\dev\mp-weixin\uni_modules\uni-popup\components\uni-popup\uni-popup.js", "JavaScript", 0, 371, 0, 0, 0, 0, 0, 0, 113, 119, 603
"d:\project\project-rjwm-weixin-uniapp\unpackage\dist\dev\mp-weixin\uni_modules\uni-popup\components\uni-popup\uni-popup.json", "JSON", 0, 0, 0, 6, 0, 0, 0, 0, 0, 0, 6
"d:\project\project-rjwm-weixin-uniapp\unpackage\dist\dev\mp-weixin\uni_modules\uni-transition\components\uni-transition\uni-transition.js", "JavaScript", 0, 284, 0, 0, 0, 0, 0, 0, 62, 55, 401
"d:\project\project-rjwm-weixin-uniapp\unpackage\dist\dev\mp-weixin\uni_modules\uni-transition\components\uni-transition\uni-transition.json", "JSON", 0, 0, 0, 4, 0, 0, 0, 0, 0, 0, 4
"d:\project\project-rjwm-weixin-uniapp\utils\common.js", "JavaScript", 0, 55, 0, 0, 0, 0, 0, 0, 10, 0, 65
"d:\project\project-rjwm-weixin-uniapp\utils\env.js", "JavaScript", 0, 1, 0, 0, 0, 0, 0, 0, 5, 1, 7
"d:\project\project-rjwm-weixin-uniapp\utils\index.js", "JavaScript", 0, 97, 0, 0, 0, 0, 0, 0, 66, 9, 172
"d:\project\project-rjwm-weixin-uniapp\utils\request.js", "JavaScript", 0, 36, 0, 0, 0, 0, 0, 0, 6, 3, 45
"d:\project\project-rjwm-weixin-uniapp\utils\stomp.js", "JavaScript", 0, 440, 0, 0, 0, 0, 0, 0, 19, 38, 497
"d:\project\project-rjwm-weixin-uniapp\utils\webscoket.js", "JavaScript", 0, 50, 0, 0, 0, 0, 0, 0, 0, 10, 60
"d:\project\project-rjwm-weixin-uniapp\.md", "Markdown", 52, 0, 0, 0, 0, 0, 0, 0, 0, 39, 91
"Total", "-", 2317, 110896, 2726, 4845, 20619, 378, 500, 24, 9795, 12270, 164370